start_idx,end_idx,start_coord,end_coord,window_size,original_prob,mutated_mean_prob,mutated_std_prob,delta_prob
0,9,-499,-490,10,0.9974272847175598,0.9956730216741562,0.0011715294820294523,0.0017542630434036477
1,10,-498,-489,10,0.9974272847175598,0.9962242007255554,0.0011347953988810528,0.0012030839920044167
2,11,-497,-488,10,0.9974272847175598,0.9962821006774902,0.0011627295988454317,0.00114518404006958
3,12,-496,-487,10,0.9974272847175598,0.9970888763666153,0.0006611056518629605,0.00033840835094456345
4,13,-495,-486,10,0.9974272847175598,0.9970302164554596,0.0009997730586946423,0.0003970682621001753
5,14,-494,-485,10,0.9974272847175598,0.997932955622673,0.00045868274533308987,-0.0005056709051132202
6,15,-493,-484,10,0.9974272847175598,0.997466704249382,0.0006568101503355791,-3.9419531822182385e-05
7,16,-492,-483,10,0.9974272847175598,0.9977484107017517,0.0005061808741801906,-0.0003211259841918723
8,17,-491,-482,10,0.9974272847175598,0.9973361521959305,0.0006107881103691061,9.113252162928909e-05
9,18,-490,-481,10,0.9974272847175598,0.9971004158258439,0.0004789918665753219,0.000326868891715959
10,19,-489,-480,10,0.9974272847175598,0.9977017343044281,0.0007458801205961178,-0.00027444958686828613
11,20,-488,-479,10,0.9974272847175598,0.9972594410181046,0.0004907144885970751,0.00016784369945521682
12,21,-487,-478,10,0.9974272847175598,0.9975124090909958,0.0005259665415286873,-8.512437343599633e-05
13,22,-486,-477,10,0.9974272847175598,0.9977788358926774,0.00031673666543120555,-0.0003515511751175371
14,23,-485,-476,10,0.9974272847175598,0.9981253504753113,0.00028600932165311164,-0.0006980657577514426
15,24,-484,-475,10,0.9974272847175598,0.99789097905159,0.0003626928360295006,-0.00046369433403015137
16,25,-483,-474,10,0.9974272847175598,0.998163390159607,0.00025045617583776956,-0.0007361054420471635
17,26,-482,-473,10,0.9974272847175598,0.9978682935237885,0.0004161154472621878,-0.0004410088062286599
18,27,-481,-472,10,0.9974272847175598,0.998451155424118,0.00031022178733377967,-0.0010238707065581831
19,28,-480,-471,10,0.9974272847175598,0.9986029595136643,0.0002538046322643135,-0.0011756747961044756
20,29,-479,-470,10,0.9974272847175598,0.9982745498418808,0.00037589799484056207,-0.0008472651243209839
21,30,-478,-469,10,0.9974272847175598,0.9983556509017945,0.0003688364042882743,-0.0009283661842346413
22,31,-477,-468,10,0.9974272847175598,0.9984574764966965,0.0003273285359564877,-0.0010301917791366577
23,32,-476,-467,10,0.9974272847175598,0.9982111245393753,0.0004174073509800653,-0.0007838398218155129
24,33,-475,-466,10,0.9974272847175598,0.9975387811660766,0.0005046172906998366,-0.0001114964485168235
25,34,-474,-465,10,0.9974272847175598,0.9974186450242997,0.00040005799772656553,8.639693260148462e-06
26,35,-473,-464,10,0.9974272847175598,0.9971750766038895,0.0006868240649949732,0.0002522081136703269
27,36,-472,-463,10,0.9974272847175598,0.9969452112913132,0.0008454166026198828,0.00048207342624662086
28,37,-471,-462,10,0.9974272847175598,0.9966096550226211,0.0007364911666698934,0.0008176296949387041
29,38,-470,-461,10,0.9974272847175598,0.9966249614953995,0.0007136381187906856,0.0008023232221603394
30,39,-469,-460,10,0.9974272847175598,0.9965143501758575,0.0007275533156283168,0.0009129345417022705
31,40,-468,-459,10,0.9974272847175598,0.9967122554779053,0.0010312374483765,0.0007150292396544966
32,41,-467,-458,10,0.9974272847175598,0.9956443935632706,0.0010291117397810655,0.0017828911542892012
33,42,-466,-457,10,0.9974272847175598,0.9962591618299484,0.00070249232509061,0.001168122887611367
34,43,-465,-456,10,0.9974272847175598,0.9965357154607772,0.0004899419054796074,0.0008915692567825761
35,44,-464,-455,10,0.9974272847175598,0.9962431728839874,0.0005259363294019064,0.0011841118335723655
36,45,-463,-454,10,0.9974272847175598,0.996444183588028,0.0006810744957982961,0.000983101129531816
37,46,-462,-453,10,0.9974272847175598,0.9975492805242538,0.0005095874551953273,-0.00012199580669403076
38,47,-461,-452,10,0.9974272847175598,0.997496098279953,0.0004236431680227043,-6.881356239318848e-05
39,48,-460,-451,10,0.9974272847175598,0.9974156856536865,0.0005237512955481194,1.1599063873268811e-05
40,49,-459,-450,10,0.9974272847175598,0.9969677776098251,0.0004079185278985599,0.0004595071077346802
41,50,-458,-449,10,0.9974272847175598,0.9973332822322846,0.00040244306536622333,9.400248527524635e-05
42,51,-457,-448,10,0.9974272847175598,0.9970801621675491,0.0006307816008947332,0.00034712255001068115
43,52,-456,-447,10,0.9974272847175598,0.9967296779155731,0.0006762408169893423,0.0006976068019867165
44,53,-455,-446,10,0.9974272847175598,0.9969983249902725,0.0007563395554143105,0.0004289597272872925
45,54,-454,-445,10,0.9974272847175598,0.99746073782444,0.0006091800150359367,-3.345310688018799e-05
46,55,-453,-444,10,0.9974272847175598,0.9975256532430649,0.0005945239429552313,-9.836852550504371e-05
47,56,-452,-443,10,0.9974272847175598,0.9972857534885406,0.0006100123217231828,0.00014153122901916504
48,57,-451,-442,10,0.9974272847175598,0.9969820201396942,0.0006812145684555153,0.000445264577865645
49,58,-450,-441,10,0.9974272847175598,0.9971786081790924,0.0005494542628188032,0.000248676538467385
50,59,-449,-440,10,0.9974272847175598,0.9973849862813949,0.0008420732214072192,4.229843616487816e-05
51,60,-448,-439,10,0.9974272847175598,0.9967640429735184,0.0007398433528694675,0.0006632417440414207
52,61,-447,-438,10,0.9974272847175598,0.9952029109001159,0.0013848979241570013,0.002224373817443892
53,62,-446,-437,10,0.9974272847175598,0.9951765477657318,0.0014897809465752514,0.0022507369518279807
54,63,-445,-436,10,0.9974272847175598,0.9951597034931183,0.0008180616051088613,0.002267581224441484
55,64,-444,-435,10,0.9974272847175598,0.9951353758573532,0.0011326112087964516,0.002291908860206582
56,65,-443,-434,10,0.9974272847175598,0.995586097240448,0.0013417753437231146,0.0018411874771118164
57,66,-442,-433,10,0.9974272847175598,0.9950483709573745,0.0017507096840000545,0.002378913760185286
58,67,-441,-432,10,0.9974272847175598,0.9956468611955642,0.0012097591830055913,0.0017804235219955888
59,68,-440,-431,10,0.9974272847175598,0.9955010205507279,0.0012060124783272452,0.001926264166831948
60,69,-439,-430,10,0.9974272847175598,0.996308159828186,0.0009363133484477536,0.0011191248893738237
61,70,-438,-429,10,0.9974272847175598,0.9969390213489533,0.0007004732247300287,0.000488263368606523
62,71,-437,-428,10,0.9974272847175598,0.9980294913053512,0.0005075123081907666,-0.0006022065877914207
63,72,-436,-427,10,0.9974272847175598,0.9980458110570908,0.00039809826555501986,-0.000618526339530967
64,73,-435,-426,10,0.9974272847175598,0.9981460750102997,0.0003846538487736095,-0.0007187902927399126
65,74,-434,-425,10,0.9974272847175598,0.9977311700582504,0.0004249808912335975,-0.0003038853406905906
66,75,-433,-424,10,0.9974272847175598,0.9974806547164917,0.00061781962613111,-5.336999893190697e-05
67,76,-432,-423,10,0.9974272847175598,0.997692447900772,0.0005633163658241472,-0.00026516318321223586
68,77,-431,-422,10,0.9974272847175598,0.9977010428905487,0.00047422978135410116,-0.0002737581729889138
69,78,-430,-421,10,0.9974272847175598,0.9974808394908905,0.000575108367250011,-5.3554773330688477e-05
70,79,-429,-420,10,0.9974272847175598,0.9971437215805053,0.001007339163326969,0.00028356313705446556
71,80,-428,-419,10,0.9974272847175598,0.9970225721597672,0.0008612753427327259,0.00040471255779261917
72,81,-427,-418,10,0.9974272847175598,0.9971491038799286,0.0009030562104141787,0.0002781808376312034
73,82,-426,-417,10,0.9974272847175598,0.9969952344894409,0.001074272219979407,0.0004320502281188743
74,83,-425,-416,10,0.9974272847175598,0.9963913172483444,0.0008572716182079941,0.0010359674692154153
75,84,-424,-415,10,0.9974272847175598,0.996879655122757,0.0009546136581281788,0.000547629594802812
76,85,-423,-414,10,0.9974272847175598,0.9973551779985428,0.000655078571562224,7.210671901702881e-05
77,86,-422,-413,10,0.9974272847175598,0.9975660026073456,0.000442050886719802,-0.000138717889785811
78,87,-421,-412,10,0.9974272847175598,0.9979506641626358,0.0006416526106160116,-0.0005233794450759666
79,88,-420,-411,10,0.9974272847175598,0.9982417911291123,0.0005051924166278131,-0.0008145064115524514
80,89,-419,-410,10,0.9974272847175598,0.9985975325107574,0.00025289326383590903,-0.0011702477931976318
81,90,-418,-409,10,0.9974272847175598,0.998233488202095,0.0003597599101789018,-0.0008062034845351951
82,91,-417,-408,10,0.9974272847175598,0.9981204539537429,0.0004814656500771603,-0.0006931692361831221
83,92,-416,-407,10,0.9974272847175598,0.9976563453674316,0.0004894080612220149,-0.00022906064987182617
84,93,-415,-406,10,0.9974272847175598,0.9981983661651611,0.0004192524754688989,-0.0007710814476012962
85,94,-414,-405,10,0.9974272847175598,0.9983634501695633,0.00042358385082404306,-0.000936165452003479
86,95,-413,-404,10,0.9974272847175598,0.9980498373508453,0.00041925916799367106,-0.000622552633285478
87,96,-412,-403,10,0.9974272847175598,0.9979873567819595,0.0005412620190840729,-0.0005600720643996748
88,97,-411,-402,10,0.9974272847175598,0.9972003817558288,0.0004916445370312546,0.00022690296173100144
89,98,-410,-401,10,0.9974272847175598,0.9973587095737457,0.0005576370180830184,6.857514381408691e-05
90,99,-409,-400,10,0.9974272847175598,0.9962847471237183,0.0007903412096022075,0.0011425375938415305
91,100,-408,-399,10,0.9974272847175598,0.9971094697713851,0.0006898107921463943,0.000317814946174666
92,101,-407,-398,10,0.9974272847175598,0.9966264456510544,0.0006894972332593984,0.0008008390665054099
93,102,-406,-397,10,0.9974272847175598,0.996452471613884,0.0008112952187636691,0.0009748131036758645
94,103,-405,-396,10,0.9974272847175598,0.9961492091417312,0.0010132214362412093,0.0012780755758285967
95,104,-404,-395,10,0.9974272847175598,0.9960978209972382,0.0007276606385833381,0.0013294637203216109
96,105,-403,-394,10,0.9974272847175598,0.9953908056020737,0.0010506743499284785,0.0020364791154861006
97,106,-402,-393,10,0.9974272847175598,0.9939612179994584,0.0010202233516832572,0.003466066718101457
98,107,-401,-392,10,0.9974272847175598,0.9947887361049652,0.0006540729257342121,0.0026385486125946045
99,108,-400,-391,10,0.9974272847175598,0.9946956157684326,0.0009570806851756527,0.0027316689491272417
100,109,-399,-390,10,0.9974272847175598,0.9948219686746598,0.0007314170877388194,0.002605316042900041
101,110,-398,-389,10,0.9974272847175598,0.9950548321008682,0.000681959032282071,0.0023724526166916116
102,111,-397,-388,10,0.9974272847175598,0.9937193602323532,0.0010632203312549303,0.003707924485206626
103,112,-396,-387,10,0.9974272847175598,0.9949230700731277,0.0010232870203648922,0.002504214644432068
104,113,-395,-386,10,0.9974272847175598,0.9961771428585052,0.0005148876667808663,0.0012501418590545876
105,114,-394,-385,10,0.9974272847175598,0.9966924786567688,0.000606305383595408,0.0007348060607910156
106,115,-393,-384,10,0.9974272847175598,0.9971113592386246,0.0008721853146994898,0.0003159254789352195
107,116,-392,-383,10,0.9974272847175598,0.9962304562330246,0.0009707115941394417,0.0011968284845351729
108,117,-391,-382,10,0.9974272847175598,0.9969839870929718,0.0007086666894921964,0.0004432976245880571
109,118,-390,-381,10,0.9974272847175598,0.9973501622676849,0.0005258083594516163,7.712244987490013e-05
110,119,-389,-380,10,0.9974272847175598,0.9978534549474716,0.0004897688481213307,-0.0004261702299117598
111,120,-388,-379,10,0.9974272847175598,0.9973094135522842,0.0005324713235997687,0.00011787116527561814
112,121,-387,-378,10,0.9974272847175598,0.998254731297493,0.00035744148000505785,-0.0008274465799331665
113,122,-386,-377,10,0.9974272847175598,0.9970300823450089,0.0005953373283377602,0.00039720237255091995
114,123,-385,-376,10,0.9974272847175598,0.997380194067955,0.000537371683658024,4.709064960484177e-05
115,124,-384,-375,10,0.9974272847175598,0.9972043305635452,0.0006874024502546879,0.0002229541540146318
116,125,-383,-374,10,0.9974272847175598,0.9975611954927445,0.0004718475041697192,-0.00013391077518465355
117,126,-382,-373,10,0.9974272847175598,0.9981829941272735,0.00040585926867291183,-0.0007557094097137007
118,127,-381,-372,10,0.9974272847175598,0.9984729945659637,0.000303874424448098,-0.0010457098484039085
119,128,-380,-371,10,0.9974272847175598,0.9980414658784866,0.0004353404581573681,-0.0006141811609268188
120,129,-379,-370,10,0.9974272847175598,0.9978675067424774,0.000245208613775573,-0.00044022202491755813
121,130,-378,-369,10,0.9974272847175598,0.9977755665779113,0.00023455261002998224,-0.0003482818603515181
122,131,-377,-368,10,0.9974272847175598,0.9975310623645782,0.0005934176032727088,-0.00010377764701841041
123,132,-376,-367,10,0.9974272847175598,0.9980219215154648,0.0004527011704932756,-0.0005946367979049461
124,133,-375,-366,10,0.9974272847175598,0.9977443486452102,0.0005881645784811477,-0.00031706392765040725
125,134,-374,-365,10,0.9974272847175598,0.9977398186922073,0.0005048547649756534,-0.00031253397464747756
126,135,-373,-364,10,0.9974272847175598,0.997384512424469,0.0005900421994515318,4.277229309079811e-05
127,136,-372,-363,10,0.9974272847175598,0.9973688215017319,0.00046717294379246174,5.846321582791969e-05
128,137,-371,-362,10,0.9974272847175598,0.9971587479114532,0.0006228234321230631,0.0002685368061066118
129,138,-370,-361,10,0.9974272847175598,0.9974267750978469,0.00048471359619998663,5.096197128739988e-07
130,139,-369,-360,10,0.9974272847175598,0.996348962187767,0.0008320715742998635,0.0010783225297927856
131,140,-368,-359,10,0.9974272847175598,0.9960401833057404,0.000876691161425259,0.0013871014118194136
132,141,-367,-358,10,0.9974272847175598,0.996371328830719,0.0005948992283562062,0.0010559558868408203
133,142,-366,-357,10,0.9974272847175598,0.9962341338396072,0.0008609541606804252,0.0011931508779525757
134,143,-365,-356,10,0.9974272847175598,0.996464404463768,0.0004492866985798148,0.0009628802537917647
135,144,-364,-355,10,0.9974272847175598,0.9951867192983628,0.0006529856826334793,0.002240565419197038
136,145,-363,-354,10,0.9974272847175598,0.9961487859487533,0.0008607667389748501,0.0012784987688064797
137,146,-362,-353,10,0.9974272847175598,0.9960793018341064,0.0008678194026428189,0.0013479828834533913
138,147,-361,-352,10,0.9974272847175598,0.995740607380867,0.0006462549471090308,0.00168667733669281
139,148,-360,-351,10,0.9974272847175598,0.9954154908657074,0.0009494352023675024,0.0020117938518524614
140,149,-359,-350,10,0.9974272847175598,0.9964940428733826,0.0008735922662617584,0.0009332418441772017
141,150,-358,-349,10,0.9974272847175598,0.9969840526580811,0.0007346231742885281,0.00044323205947871536
142,151,-357,-348,10,0.9974272847175598,0.9972888648509979,0.0005846559323833681,0.00013841986656193406
143,152,-356,-347,10,0.9974272847175598,0.997601380944252,0.0003659013719565729,-0.0001740962266921775
144,153,-355,-346,10,0.9974272847175598,0.9971958428621293,0.0006253625986613325,0.00023144185543055862
145,154,-354,-345,10,0.9974272847175598,0.9978706240653992,0.0005453809180523394,-0.00044333934783935547
146,155,-353,-344,10,0.9974272847175598,0.9977697342634201,0.0005822760756503626,-0.0003424495458602683
147,156,-352,-343,10,0.9974272847175598,0.9971895277500152,0.0005778517159436244,0.00023775696754457787
148,157,-351,-342,10,0.9974272847175598,0.9972574025392532,0.0005015631329057658,0.0001698821783066018
149,158,-350,-341,10,0.9974272847175598,0.9979256421327591,0.0006095027928535611,-0.0004983574151993242
150,159,-349,-340,10,0.9974272847175598,0.9976835578680039,0.0005383858688777115,-0.00025627315044407517
151,160,-348,-339,10,0.9974272847175598,0.9974903523921966,0.00044029836190876646,-6.306767463681862e-05
152,161,-347,-338,10,0.9974272847175598,0.9969522923231124,0.000598771708072775,0.00047499239444737107
153,162,-346,-337,10,0.9974272847175598,0.9965292841196061,0.0006568187423262118,0.000898000597953752
154,163,-345,-336,10,0.9974272847175598,0.9964660376310348,0.0008453020601673848,0.0009612470865250078
155,164,-344,-335,10,0.9974272847175598,0.9954039812088012,0.0005456395971148458,0.002023303508758567
156,165,-343,-334,10,0.9974272847175598,0.9962394446134567,0.0008254738050009662,0.0011878401041031106
157,166,-342,-333,10,0.9974272847175598,0.9963027149438858,0.0007094624014094882,0.0011245697736740334
158,167,-341,-332,10,0.9974272847175598,0.9960858553647995,0.0006620963282949733,0.0013414293527602705
159,168,-340,-331,10,0.9974272847175598,0.9950374811887741,0.0007746876693486924,0.0023898035287857056
160,169,-339,-330,10,0.9974272847175598,0.9956972301006317,0.0007121679835137473,0.0017300546169281006
161,170,-338,-329,10,0.9974272847175598,0.9959060966968536,0.0006796852684839297,0.0015211880207062212
162,171,-337,-328,10,0.9974272847175598,0.9964419424533844,0.0006731590677700387,0.0009853422641754594
163,172,-336,-327,10,0.9974272847175598,0.9965952664613724,0.0005208113382051495,0.0008320182561873946
164,173,-335,-326,10,0.9974272847175598,0.9969243079423904,0.0005757756905771478,0.000502976775169417
165,174,-334,-325,10,0.9974272847175598,0.9973692417144775,0.0005700084916289559,5.80430030823198e-05
166,175,-333,-324,10,0.9974272847175598,0.9965828627347946,0.000495122348517051,0.0008444219827652422
167,176,-332,-323,10,0.9974272847175598,0.9963519722223282,0.0007179464591373445,0.0010753124952316284
168,177,-331,-322,10,0.9974272847175598,0.9961927652359008,0.0007447766880407913,0.00123451948165898
169,178,-330,-321,10,0.9974272847175598,0.9962522089481354,0.000540140328566339,0.0011750757694244385
170,179,-329,-320,10,0.9974272847175598,0.9957701712846756,0.0006503963964856482,0.0016571134328842163
171,180,-328,-319,10,0.9974272847175598,0.9960395038127899,0.000749301220412965,0.0013877809047698753
172,181,-327,-318,10,0.9974272847175598,0.9958395898342133,0.0005175927240703268,0.0015876948833465354
173,182,-326,-317,10,0.9974272847175598,0.9956270426511764,0.0006968292530645985,0.0018002420663834062
174,183,-325,-316,10,0.9974272847175598,0.9951034903526306,0.00045194458455876817,0.0023237943649292436
175,184,-324,-315,10,0.9974272847175598,0.9950211018323898,0.0006590716444386992,0.0024061828851700273
176,185,-323,-314,10,0.9974272847175598,0.9959403067827225,0.0006239554420158237,0.001486977934837319
177,186,-322,-313,10,0.9974272847175598,0.9962072879076004,0.0005018596216305581,0.0012199968099594338
178,187,-321,-312,10,0.9974272847175598,0.9958449810743332,0.0006175914711121964,0.0015823036432266457
179,188,-320,-311,10,0.9974272847175598,0.9954813420772552,0.0006227124592707994,0.0019459426403045654
180,189,-319,-310,10,0.9974272847175598,0.9962859749794006,0.0004805073893225651,0.0011413097381591797
181,190,-318,-309,10,0.9974272847175598,0.9960379928350449,0.0006952845793342878,0.0013892918825149092
182,191,-317,-308,10,0.9974272847175598,0.9959789156913758,0.0007287746608483051,0.0014483690261840598
183,192,-316,-307,10,0.9974272847175598,0.995826181769371,0.0005872190275039091,0.0016011029481888261
184,193,-315,-306,10,0.9974272847175598,0.9965512067079544,0.0005256679338415292,0.0008760780096054299
185,194,-314,-305,10,0.9974272847175598,0.9965217620134353,0.0005832289727347382,0.0009055227041244729
186,195,-313,-304,10,0.9974272847175598,0.9970651596784592,0.00042062880562773524,0.00036212503910060256
187,196,-312,-303,10,0.9974272847175598,0.9971989691257477,0.0004508924349186088,0.0002283155918121338
188,197,-311,-302,10,0.9974272847175598,0.9976453959941864,0.00035880053411569844,-0.00021811127662663132
189,198,-310,-301,10,0.9974272847175598,0.9979114145040512,0.00023706434155883278,-0.00048412978649137184
190,199,-309,-300,10,0.9974272847175598,0.9971260815858841,0.0005007151690253292,0.000301203131675698
191,200,-308,-299,10,0.9974272847175598,0.9972808271646499,0.0004834216723120662,0.00014645755290987328
192,201,-307,-298,10,0.9974272847175598,0.9968636721372605,0.0004979767188489195,0.0005636125802993552
193,202,-306,-297,10,0.9974272847175598,0.9971217960119247,0.000571684051053171,0.0003054887056350708
194,203,-305,-296,10,0.9974272847175598,0.9969514042139054,0.0006230523527440067,0.00047588050365443557
195,204,-304,-295,10,0.9974272847175598,0.9967974573373795,0.00104132030780582,0.0006298273801803589
196,205,-303,-294,10,0.9974272847175598,0.9957690596580505,0.0009640379329167028,0.0016582250595092995
197,206,-302,-293,10,0.9974272847175598,0.9957478493452072,0.0012475371167805986,0.0016794353723526
198,207,-301,-292,10,0.9974272847175598,0.9956601738929749,0.000980808225793751,0.0017671108245849165
199,208,-300,-291,10,0.9974272847175598,0.9950049251317978,0.0009371809203450589,0.0024223595857619795
200,209,-299,-290,10,0.9974272847175598,0.9958346456289291,0.0010561226639717186,0.0015926390886307207
201,210,-298,-289,10,0.9974272847175598,0.9950194507837296,0.0012771169296872014,0.0024078339338302612
202,211,-297,-288,10,0.9974272847175598,0.9958208411931991,0.0009900845928744139,0.001606443524360679
203,212,-296,-287,10,0.9974272847175598,0.9962183237075806,0.0009317561261978154,0.001208961009979248
204,213,-295,-286,10,0.9974272847175598,0.9962764650583267,0.0007445398589669797,0.0011508196592331377
205,214,-294,-285,10,0.9974272847175598,0.9968951672315598,0.0008258870702592721,0.0005321174860000166
206,215,-293,-284,10,0.9974272847175598,0.9968020975589752,0.0007518884869790375,0.0006251871585846169
207,216,-292,-283,10,0.9974272847175598,0.9963723868131638,0.0007512455586851705,0.0010548979043960571
208,217,-291,-282,10,0.9974272847175598,0.9962436646223068,0.0008780480764105781,0.0011836200952529685
209,218,-290,-281,10,0.9974272847175598,0.996439304947853,0.0008944303411891516,0.0009879797697067705
210,219,-289,-280,10,0.9974272847175598,0.9972123563289642,0.000880345502061564,0.00021492838859560326
211,220,-288,-279,10,0.9974272847175598,0.9970293879508972,0.0011442451996593623,0.00039789676666257545
212,221,-287,-278,10,0.9974272847175598,0.9975165069103241,0.0006519137191742613,-8.922219276430443e-05
213,222,-286,-277,10,0.9974272847175598,0.9976191550493241,0.0008321696362475499,-0.0001918703317642656
214,223,-285,-276,10,0.9974272847175598,0.9975065886974335,0.0005965355179432,-7.930397987365723e-05
215,224,-284,-275,10,0.9974272847175598,0.9976351767778396,0.0004972663828710842,-0.000207892060279824
216,225,-283,-274,10,0.9974272847175598,0.9977072209119797,0.0005886389914163773,-0.00027993619441990525
217,226,-282,-273,10,0.9974272847175598,0.9980330258607865,0.0004047144566578211,-0.0006057411432266457
218,227,-281,-272,10,0.9974272847175598,0.9978933781385422,0.0004933358979620497,-0.00046609342098236084
219,228,-280,-271,10,0.9974272847175598,0.997795170545578,0.0006356796620481589,-0.00036788582801816627
220,229,-279,-270,10,0.9974272847175598,0.9976513922214508,0.0005719345126882977,-0.00022410750389101342
221,230,-278,-269,10,0.9974272847175598,0.9967410236597061,0.0007994108784991036,0.0006862610578537431
222,231,-277,-268,10,0.9974272847175598,0.9964851528406143,0.000636175256880845,0.0009421318769454734
223,232,-276,-267,10,0.9974272847175598,0.9966607093811035,0.0008354246805390889,0.0007665753364562988
224,233,-275,-266,10,0.9974272847175598,0.9956700354814529,0.0010974999543907796,0.0017572492361068726
225,234,-274,-265,10,0.9974272847175598,0.9954056292772293,0.001216507092825436,0.0020216554403305054
226,235,-273,-264,10,0.9974272847175598,0.9953889966011047,0.0011395900887237154,0.0020382881164551225
227,236,-272,-263,10,0.9974272847175598,0.9948835134506225,0.0015974486721432634,0.002543771266937278
228,237,-271,-262,10,0.9974272847175598,0.9955230414867401,0.0010267876175701104,0.0019042432308197244
229,238,-270,-261,10,0.9974272847175598,0.996314537525177,0.0009348320476556964,0.001112747192382857
230,239,-269,-260,10,0.9974272847175598,0.9974731385707856,0.00045784392548228536,-4.585385322575242e-05
231,240,-268,-259,10,0.9974272847175598,0.9975431889295578,0.00044451021515437734,-0.00011590421199803025
232,241,-267,-258,10,0.9974272847175598,0.9973093807697296,0.00045632853194701447,0.00011790394783017799
233,242,-266,-257,10,0.9974272847175598,0.9972119510173798,0.0005955662617322492,0.0002153337001800093
234,243,-265,-256,10,0.9974272847175598,0.997878709435463,0.0005613345199232321,-0.0004514247179031594
235,244,-264,-255,10,0.9974272847175598,0.9982034862041473,0.0003164242587230148,-0.0007762014865875244
236,245,-263,-254,10,0.9974272847175598,0.9982364445924758,0.00040132207130316776,-0.0008091598749160323
237,246,-262,-253,10,0.9974272847175598,0.9982951432466507,0.00029818028952848674,-0.0008678585290908813
238,247,-261,-252,10,0.9974272847175598,0.9983191460371017,0.00038029000865812774,-0.0008918613195418867
239,248,-260,-251,10,0.9974272847175598,0.9980970799922944,0.00024603706543779744,-0.0006697952747345415
240,249,-259,-250,10,0.9974272847175598,0.9977213352918625,0.0004174045251914654,-0.00029405057430265114
241,250,-258,-249,10,0.9974272847175598,0.9972758591175079,0.0007503784143221504,0.00015142560005187988
242,251,-257,-248,10,0.9974272847175598,0.9977120965719223,0.00035027347434505077,-0.0002848118543624656
243,252,-256,-247,10,0.9974272847175598,0.9973744213581085,0.0005764426122256552,5.286335945131615e-05
244,253,-255,-246,10,0.9974272847175598,0.9970231860876083,0.0006572162892564302,0.00040409862995149926
245,254,-254,-245,10,0.9974272847175598,0.9966221004724503,0.0006392618028333637,0.0008051842451095581
246,255,-253,-244,10,0.9974272847175598,0.9967582523822784,0.0008466748344660354,0.0006690323352813721
247,256,-252,-243,10,0.9974272847175598,0.9966204464435577,0.000771341718182069,0.0008068382740020752
248,257,-251,-242,10,0.9974272847175598,0.9967813283205033,0.0007539656935468607,0.0006459563970565574
249,258,-250,-241,10,0.9974272847175598,0.9962415397167206,0.0009966351606402323,0.0011857450008392334
250,259,-249,-240,10,0.9974272847175598,0.9962268739938736,0.0009293168355497526,0.0012004107236862627
251,260,-248,-239,10,0.9974272847175598,0.9968515574932099,0.0005780578567670861,0.0005757272243499534
252,261,-247,-238,10,0.9974272847175598,0.9970245093107224,0.0006976325282291823,0.00040277540683741897
253,262,-246,-237,10,0.9974272847175598,0.9973122149705886,0.0006249249859741071,0.00011506974697117478
254,263,-245,-236,10,0.9974272847175598,0.9979455173015594,0.0004751595114883048,-0.0005182325839996338
255,264,-244,-235,10,0.9974272847175598,0.9980107575654984,0.00041595181898715345,-0.000583472847938582
256,265,-243,-234,10,0.9974272847175598,0.99764603972435,0.0003436432730890751,-0.00021875500679013893
257,266,-242,-233,10,0.9974272847175598,0.9978634506464005,0.00036519103711729297,-0.0004361659288406594
258,267,-241,-232,10,0.9974272847175598,0.9977963984012603,0.00036668427175439523,-0.0003691136837005171
259,268,-240,-231,10,0.9974272847175598,0.9982122749090194,0.00039689610954691493,-0.0007849901914596114
260,269,-239,-230,10,0.9974272847175598,0.9978024244308472,0.0004281764028893993,-0.0003751397132873979
261,270,-238,-229,10,0.9974272847175598,0.9980584800243377,0.00033983654895537415,-0.0006311953067779097
262,271,-237,-228,10,0.9974272847175598,0.997989758849144,0.00029985307697820234,-0.0005624741315841675
263,272,-236,-227,10,0.9974272847175598,0.9976974576711655,0.0005066255500487614,-0.00027017295360565186
264,273,-235,-226,10,0.9974272847175598,0.9979316711425781,0.0002972869221035914,-0.0005043864250182661
265,274,-234,-225,10,0.9974272847175598,0.9978997111320496,0.0004924679923648177,-0.0004724264144897461
266,275,-233,-224,10,0.9974272847175598,0.9977655470371246,0.00043347097146350885,-0.00033826231956479713
267,276,-232,-223,10,0.9974272847175598,0.9976690441370011,0.0005661664669450087,-0.00024175941944126755
268,277,-231,-222,10,0.9974272847175598,0.9974964112043381,0.0008697856584207112,-6.912648677825928e-05
269,278,-230,-221,10,0.9974272847175598,0.9977689266204834,0.0005618514434795487,-0.0003416419029236284
270,279,-229,-220,10,0.9974272847175598,0.9982704073190689,0.0003426328721725199,-0.0008431226015090942
271,280,-228,-219,10,0.9974272847175598,0.998309588432312,0.00033395922394181495,-0.0008823037147521751
272,281,-227,-218,10,0.9974272847175598,0.9981470286846161,0.0004770630547647968,-0.0007197439670563188
273,282,-226,-217,10,0.9974272847175598,0.997975942492485,0.0004895060925906645,-0.0005486577749251875
274,283,-225,-216,10,0.9974272847175598,0.9979173004627228,0.0005558398916994643,-0.0004900157451629417
275,284,-224,-215,10,0.9974272847175598,0.9977152526378632,0.00041479885415893355,-0.00028796792030338914
276,285,-223,-214,10,0.9974272847175598,0.9977712810039521,0.0005651443081103883,-0.0003439962863922563
277,286,-222,-213,10,0.9974272847175598,0.9978689849376678,0.0004942681582994877,-0.0004417002201080322
278,287,-221,-212,10,0.9974272847175598,0.9980393946170807,0.0002631780373155729,-0.000612109899520874
279,288,-220,-211,10,0.9974272847175598,0.9978825598955154,0.00048437075522368293,-0.00045527517795562744
280,289,-219,-210,10,0.9974272847175598,0.9975225865840912,0.00044002223780602887,-9.530186653139427e-05
281,290,-218,-209,10,0.9974272847175598,0.997284808754921,0.0005202343488360915,0.00014247596263883278
282,291,-217,-208,10,0.9974272847175598,0.9975290596485138,0.00035740201618347496,-0.00010177493095397949
283,292,-216,-207,10,0.9974272847175598,0.9977330654859543,0.0004076811931273069,-0.0003057807683944924
284,293,-215,-206,10,0.9974272847175598,0.9976205110549927,0.000350922410452689,-0.00019322633743290574
285,294,-214,-205,10,0.9974272847175598,0.9976285427808762,0.0005206040536963097,-0.00020125806331638962
286,295,-213,-204,10,0.9974272847175598,0.9976597219705582,0.0004563451972793686,-0.00023243725299837426
287,296,-212,-203,10,0.9974272847175598,0.9975026667118072,0.0004881579579207634,-7.538199424739211e-05
288,297,-211,-202,10,0.9974272847175598,0.9974932968616486,0.0004559842181703056,-6.601214408874512e-05
289,298,-210,-201,10,0.9974272847175598,0.9976007491350174,0.00048146479832355627,-0.00017346441745758057
290,299,-209,-200,10,0.9974272847175598,0.9977584630250931,0.00029434224493790184,-0.00033117830753326416
291,300,-208,-199,10,0.9974272847175598,0.9979489028453827,0.00039493444280437617,-0.0005216181278229204
292,301,-207,-198,10,0.9974272847175598,0.9981223046779633,0.00037114542630152763,-0.0006950199604034424
293,302,-206,-197,10,0.9974272847175598,0.9979555815458298,0.000243297347083554,-0.0005282968282699363
294,303,-205,-196,10,0.9974272847175598,0.9976736575365066,0.00024143926660830572,-0.00024637281894679397
295,304,-204,-195,10,0.9974272847175598,0.997508841753006,0.0004150947081611176,-8.15570354462114e-05
296,305,-203,-194,10,0.9974272847175598,0.9974052637815476,0.0005531868385893729,2.2020936012223657e-05
297,306,-202,-193,10,0.9974272847175598,0.997431555390358,0.00035653436658135635,-4.270672798178943e-06
298,307,-201,-192,10,0.9974272847175598,0.9976063698530198,0.00048252572372491196,-0.0001790851354599443
299,308,-200,-191,10,0.9974272847175598,0.9973175346851348,0.0005271618258787538,0.00010975003242497117
300,309,-199,-190,10,0.9974272847175598,0.9969376534223556,0.0004973524568563263,0.0004896312952041848
301,310,-198,-189,10,0.9974272847175598,0.9971008032560349,0.0005602299635584498,0.00032648146152491897
302,311,-197,-188,10,0.9974272847175598,0.9972614943981171,0.0006216935779635091,0.00016579031944274902
303,312,-196,-187,10,0.9974272847175598,0.997441777586937,0.0005768620492657524,-1.4492869377158435e-05
304,313,-195,-186,10,0.9974272847175598,0.9976096004247665,0.000646537910719917,-0.00018231570720672607
305,314,-194,-185,10,0.9974272847175598,0.997407203912735,0.0005510686165717287,2.0080804824851306e-05
306,315,-193,-184,10,0.9974272847175598,0.9978415727615356,0.00045896132941092787,-0.0004142880439758079
307,316,-192,-183,10,0.9974272847175598,0.9979907244443893,0.00041725899853900603,-0.0005634397268294844
308,317,-191,-182,10,0.9974272847175598,0.9981552571058273,0.0004123536626207018,-0.0007279723882674949
309,318,-190,-181,10,0.9974272847175598,0.9977661967277527,0.0004754334052924066,-0.0003389120101928711
310,319,-189,-180,10,0.9974272847175598,0.9980333089828491,0.0005164793783181696,-0.0006060242652893288
311,320,-188,-179,10,0.9974272847175598,0.9980541050434113,0.00043614244151709495,-0.0006268203258514848
312,321,-187,-178,10,0.9974272847175598,0.9975809276103973,0.0006388673864677035,-0.00015364289283748
313,322,-186,-177,10,0.9974272847175598,0.9978334754705429,0.00047070148604903486,-0.00040619075298309326
314,323,-185,-176,10,0.9974272847175598,0.9968289911746979,0.0006950475622677072,0.0005982935428618941
315,324,-184,-175,10,0.9974272847175598,0.9963072776794434,0.0008367942863524867,0.0011200070381164329
316,325,-183,-174,10,0.9974272847175598,0.9968072772026062,0.0007531449516999232,0.0006200075149536133
317,326,-182,-173,10,0.9974272847175598,0.996789175271988,0.0005798615150565971,0.000638109445571855
318,327,-181,-172,10,0.9974272847175598,0.9962262719869613,0.001049079455820128,0.001201012730598472
319,328,-180,-171,10,0.9974272847175598,0.9957970142364502,0.0007374849842448939,0.0016302704811096413
320,329,-179,-170,10,0.9974272847175598,0.9954214602708816,0.0009388255464744851,0.002005824446678184
321,330,-178,-169,10,0.9974272847175598,0.9951341539621353,0.0010105872250945331,0.0022931307554244773
322,331,-177,-168,10,0.9974272847175598,0.9950790375471115,0.0009446294096944454,0.0023482471704483476
323,332,-176,-167,10,0.9974272847175598,0.995088768005371,0.0011105240431205008,0.002338516712188765
324,333,-175,-166,10,0.9974272847175598,0.9959490269422531,0.0010879850270963934,0.001478257775306746
325,334,-174,-165,10,0.9974272847175598,0.9963433653116226,0.0008570769881531455,0.001083919405937217
326,335,-173,-164,10,0.9974272847175598,0.9954973489046097,0.000705411604458051,0.0019299358129500899
327,336,-172,-163,10,0.9974272847175598,0.9941078633069992,0.0011798875075268729,0.00331942141056063
328,337,-171,-162,10,0.9974272847175598,0.9942352414131165,0.0011366115488794658,0.003192043304443337
329,338,-170,-161,10,0.9974272847175598,0.9965927422046661,0.0004922785519151893,0.0008345425128937212
330,339,-169,-160,10,0.9974272847175598,0.9966672569513321,0.0006226979226983068,0.0007600277662277444
331,340,-168,-159,10,0.9974272847175598,0.9972616225481034,0.0004407389774703024,0.00016566216945645973
332,341,-167,-158,10,0.9974272847175598,0.9970102101564408,0.0005442333198884834,0.0004170745611190574
333,342,-166,-157,10,0.9974272847175598,0.9972507536411286,0.0006337034005486294,0.00017653107643123
334,343,-165,-156,10,0.9974272847175598,0.9972332209348679,0.0007128950633828716,0.00019406378269193336
335,344,-164,-155,10,0.9974272847175598,0.9978026896715164,0.0004289875015479969,-0.000375404953956604
336,345,-163,-154,10,0.9974272847175598,0.9978590190410614,0.0004293022179760163,-0.0004317343235016313
337,346,-162,-153,10,0.9974272847175598,0.9983469516038894,0.0003780441754845928,-0.0009196668863296065
338,347,-161,-152,10,0.9974272847175598,0.9985611379146576,0.00030866787812945694,-0.0011338531970978005
339,348,-160,-151,10,0.9974272847175598,0.9982075393199921,0.0005825302638621206,-0.000780254602432251
340,349,-159,-150,10,0.9974272847175598,0.9983080476522446,0.00046090443273892075,-0.0008807629346847534
341,350,-158,-149,10,0.9974272847175598,0.997692322731018,0.0005487279784738398,-0.00026503801345822975
342,351,-157,-148,10,0.9974272847175598,0.9979331105947494,0.00030459771497202325,-0.000505825877189614
343,352,-156,-147,10,0.9974272847175598,0.9980559051036835,0.0004819427314256931,-0.0006286203861236572
344,353,-155,-146,10,0.9974272847175598,0.9975483924150467,0.0004513326901116263,-0.00012110769748685524
345,354,-154,-145,10,0.9974272847175598,0.9975133121013642,0.0005373031800451696,-8.60273838043657e-05
346,355,-153,-144,10,0.9974272847175598,0.9973142594099045,0.0004953458400006626,0.00011302530765533447
347,356,-152,-143,10,0.9974272847175598,0.9966342478990555,0.0007207256794990879,0.0007930368185042891
348,357,-151,-142,10,0.9974272847175598,0.9966741263866424,0.0007716035006298817,0.0007531583309173806
349,358,-150,-141,10,0.9974272847175598,0.9964708596467972,0.0008827736768358089,0.0009564250707626565
350,359,-149,-140,10,0.9974272847175598,0.9963157296180725,0.0007702747922843996,0.001111555099487349
351,360,-148,-139,10,0.9974272847175598,0.9964290738105774,0.0007122564843463244,0.0009982109069823775
352,361,-147,-138,10,0.9974272847175598,0.9967248857021331,0.0008110055262971497,0.0007023990154266802
353,362,-146,-137,10,0.9974272847175598,0.9965580731630326,0.0007415801368738719,0.0008692115545272383
354,363,-145,-136,10,0.9974272847175598,0.9966858863830567,0.0007377878807517378,0.0007413983345031516
355,364,-144,-135,10,0.9974272847175598,0.9965192884206772,0.0007693580009278798,0.0009079962968826516
356,365,-143,-134,10,0.9974272847175598,0.9965841948986054,0.0009211236760668061,0.0008430898189544234
357,366,-142,-133,10,0.9974272847175598,0.9961050897836685,0.0009238052791831795,0.0013221949338912964
358,367,-141,-132,10,0.9974272847175598,0.9955082923173905,0.0009454592881974471,0.0019189924001693504
359,368,-140,-131,10,0.9974272847175598,0.9959865391254425,0.000624570482328772,0.0014407455921172652
360,369,-139,-130,10,0.9974272847175598,0.9961666464805603,0.0008315990392585684,0.0012606382369995117
361,370,-138,-129,10,0.9974272847175598,0.9967581272125244,0.0007202404965931936,0.0006691575050353782
362,371,-137,-128,10,0.9974272847175598,0.9968757331371307,0.0007189229978851645,0.0005515515804290771
363,372,-136,-127,10,0.9974272847175598,0.9967404335737229,0.00046351767846454945,0.0006868511438369307
364,373,-135,-126,10,0.9974272847175598,0.9964430153369903,0.0007948925409221731,0.0009842693805695024
365,374,-134,-125,10,0.9974272847175598,0.9971146166324616,0.0005996468812694482,0.0003126680850982222
366,375,-133,-124,10,0.9974272847175598,0.9968831360340118,0.0006087234876019094,0.000544148683548018
367,376,-132,-123,10,0.9974272847175598,0.9974600166082382,0.000520391379609627,-3.2731890678427966e-05
368,377,-131,-122,10,0.9974272847175598,0.9974741280078888,0.0005435256880972672,-4.68432903290017e-05
369,378,-130,-121,10,0.9974272847175598,0.9972880721092224,0.0005388990029410365,0.00013921260833738014
370,379,-129,-120,10,0.9974272847175598,0.9971921563148498,0.0006346907145961726,0.00023512840271000535
371,380,-128,-119,10,0.9974272847175598,0.9968169093132019,0.0006506292081194538,0.0006103754043579324
372,381,-127,-118,10,0.9974272847175598,0.9971640437841416,0.0006739502228175855,0.0002632409334182295
373,382,-126,-117,10,0.9974272847175598,0.9966993927955627,0.0005848733563265997,0.0007278919219970703
374,383,-125,-116,10,0.9974272847175598,0.9974660873413086,0.0006269640592783987,-3.88026237487793e-05
375,384,-124,-115,10,0.9974272847175598,0.997400164604187,0.000615125340638501,2.7120113372802734e-05
376,385,-123,-114,10,0.9974272847175598,0.9977969616651535,0.00045506228446636653,-0.00036967694759371117
377,386,-122,-113,10,0.9974272847175598,0.9977304935455322,0.0004601384107733024,-0.0003032088279724121
378,387,-121,-112,10,0.9974272847175598,0.9968768686056138,0.0008988073533077516,0.0005504161119460615
379,388,-120,-111,10,0.9974272847175598,0.9974142938852311,0.0005155385186872623,1.2990832328751978e-05
380,389,-119,-110,10,0.9974272847175598,0.9973975360393524,0.0005393653501646491,2.9748678207375256e-05
381,390,-118,-109,10,0.9974272847175598,0.9970449894666672,0.0007054810029248338,0.00038229525089261696
382,391,-117,-108,10,0.9974272847175598,0.9961232870817185,0.0008997989675970905,0.0013039976358413252
383,392,-116,-107,10,0.9974272847175598,0.996206310391426,0.0006057017668785104,0.0012209743261337724
384,393,-115,-106,10,0.9974272847175598,0.99630067050457,0.0007752107086146048,0.0011266142129897627
385,394,-114,-105,10,0.9974272847175598,0.9962104350328446,0.0005557193751108154,0.0012168496847152488
386,395,-113,-104,10,0.9974272847175598,0.9954783588647842,0.0009838303066389924,0.0019489258527756181
387,396,-112,-103,10,0.9974272847175598,0.9949563384056092,0.0010737069880164057,0.0024709463119506614
388,397,-111,-102,10,0.9974272847175598,0.9963897734880447,0.0008616303384705674,0.00103751122951512
389,398,-110,-101,10,0.9974272847175598,0.9957045972347259,0.0012818844037939883,0.0017226874828338845
390,399,-109,-100,10,0.9974272847175598,0.9959477573633194,0.0007785415269061256,0.0014795273542403953
391,400,-108,-99,10,0.9974272847175598,0.9951041787862778,0.0014529572076074312,0.0023231059312820435
392,401,-107,-98,10,0.9974272847175598,0.9953387647867202,0.0007287495960660618,0.002088519930839583
393,402,-106,-97,10,0.9974272847175598,0.9955770373344421,0.0014586229139919443,0.0018502473831176758
394,403,-105,-96,10,0.9974272847175598,0.9963777959346771,0.0008366241743241001,0.0010494887828826904
395,404,-104,-95,10,0.9974272847175598,0.9955218076705933,0.0011672759412045682,0.0019054770469665305
396,405,-103,-94,10,0.9974272847175598,0.9963001489639283,0.0011879122912804606,0.0011271357536315474
397,406,-102,-93,10,0.9974272847175598,0.99521544277668,0.0013668460538241844,0.002211841940879866
398,407,-101,-92,10,0.9974272847175598,0.9939802855253219,0.001141290743219032,0.0034469991922378984
399,408,-100,-91,10,0.9974272847175598,0.9954918056726456,0.0010189036770829687,0.0019354790449142012
400,409,-99,-90,10,0.9974272847175598,0.9962667733430862,0.0011015970516785093,0.001160511374473594
401,410,-98,-89,10,0.9974272847175598,0.9966695636510849,0.0011968714552664827,0.0007577210664748701
402,411,-97,-88,10,0.9974272847175598,0.9972285181283951,0.0005864501362551943,0.0001987665891647339
403,412,-96,-87,10,0.9974272847175598,0.9960410267114639,0.0012057959049883646,0.0013862580060959306
404,413,-95,-86,10,0.9974272847175598,0.9963957756757736,0.0010990171241427335,0.0010315090417861716
405,414,-94,-85,10,0.9974272847175598,0.9964802771806717,0.000753888658185174,0.0009470075368881448
406,415,-93,-84,10,0.9974272847175598,0.9970260918140411,0.000649561986551299,0.00040119290351869896
407,416,-92,-83,10,0.9974272847175598,0.9975055545568466,0.00044807809183948575,-7.82698392868264e-05
408,417,-91,-82,10,0.9974272847175598,0.9977583765983582,0.0004674976102953539,-0.00033109188079838425
409,418,-90,-81,10,0.9974272847175598,0.9976142823696137,0.0005075340882439599,-0.00018699765205387742
410,419,-89,-80,10,0.9974272847175598,0.9970384836196899,0.0007005770606364789,0.00038880109786987305
411,420,-88,-79,10,0.9974272847175598,0.9968067884445191,0.0006169365714466044,0.0006204962730407271
412,421,-87,-78,10,0.9974272847175598,0.9962279319763183,0.0009749106359084251,0.0011993527412414995
413,422,-86,-77,10,0.9974272847175598,0.9973312675952911,0.000527254416648361,9.601712226869896e-05
414,423,-85,-76,10,0.9974272847175598,0.9965079665184021,0.0007536173410841644,0.0009193181991576926
415,424,-84,-75,10,0.9974272847175598,0.9964023202657699,0.0008257359136023494,0.0010249644517899004
416,425,-83,-74,10,0.9974272847175598,0.9970775187015534,0.0003922166564265695,0.0003497660160064475
417,426,-82,-73,10,0.9974272847175598,0.9970648556947708,0.0004961111100534794,0.0003624290227890459
418,427,-81,-72,10,0.9974272847175598,0.9967909842729569,0.0007708968680921889,0.0006363004446029441
419,428,-80,-71,10,0.9974272847175598,0.9966616332530975,0.0006684565752054066,0.0007656514644622803
420,429,-79,-70,10,0.9974272847175598,0.997095313668251,0.0005569559337577608,0.00033197104930882126
421,430,-78,-69,10,0.9974272847175598,0.9968732267618179,0.0007552119311480987,0.0005540579557419267
422,431,-77,-68,10,0.9974272847175598,0.9974611163139343,0.0004926784557160788,-3.3831596374489514e-05
423,432,-76,-67,10,0.9974272847175598,0.9972487926483155,0.0005668478700368784,0.00017849206924436256
424,433,-75,-66,10,0.9974272847175598,0.9966257721185684,0.0006583587864954336,0.0008015125989914162
425,434,-74,-65,10,0.9974272847175598,0.9962819218635559,0.000966511428599434,0.0011453628540039062
426,435,-73,-64,10,0.9974272847175598,0.9961227267980576,0.0008198911997797809,0.001304557919502236
427,436,-72,-63,10,0.9974272847175598,0.9949156284332276,0.0010411940493307535,0.002511656284332253
428,437,-71,-62,10,0.9974272847175598,0.9959616750478745,0.0009932268921567817,0.0014656096696853416
429,438,-70,-61,10,0.9974272847175598,0.9960651814937591,0.0008134945783349997,0.0013621032238007036
430,439,-69,-60,10,0.9974272847175598,0.9959836810827255,0.0007860376847907219,0.0014436036348343118
431,440,-68,-59,10,0.9974272847175598,0.9963291823863983,0.0006453134794572571,0.0010981023311614768
432,441,-67,-58,10,0.9974272847175598,0.9965309143066406,0.0008075488373530018,0.0008963704109191672
433,442,-66,-57,10,0.9974272847175598,0.9966958940029145,0.0006037907133353737,0.0007313907146453413
434,443,-65,-56,10,0.9974272847175598,0.9973487913608551,0.0006970717043691177,7.849335670473412e-05
435,444,-64,-55,10,0.9974272847175598,0.9972205966711044,0.00042511555013544436,0.0002066880464554055
436,445,-63,-54,10,0.9974272847175598,0.9972067534923553,0.000536679689954622,0.00022053122520448998
437,446,-62,-53,10,0.9974272847175598,0.9977885454893112,0.0005179014933498206,-0.0003612607717513594
438,447,-61,-52,10,0.9974272847175598,0.9974826961755753,0.0006028358715163487,-5.54114580154641e-05
439,448,-60,-51,10,0.9974272847175598,0.9979737162590027,0.000320193846316854,-0.0005464315414428489
440,449,-59,-50,10,0.9974272847175598,0.9981815993785859,0.0003032494395436028,-0.0007543146610260454
441,450,-58,-49,10,0.9974272847175598,0.9976183474063873,0.0003333096535012231,-0.00019106268882751465
442,451,-57,-48,10,0.9974272847175598,0.9973944813013077,0.0004328968848490824,3.2803416252114026e-05
443,452,-56,-47,10,0.9974272847175598,0.9971792608499527,0.0004343121026069952,0.0002480238676071389
444,453,-55,-46,10,0.9974272847175598,0.9966958880424499,0.0008006546319953567,0.0007313966751099077
445,454,-54,-45,10,0.9974272847175598,0.9968970090150833,0.00032282126721179115,0.0005302757024765459
446,455,-53,-44,10,0.9974272847175598,0.9963478416204452,0.0006330856485729428,0.0010794430971146074
447,456,-52,-43,10,0.9974272847175598,0.9963484674692153,0.0007843996750766518,0.0010788172483444658
448,457,-51,-42,10,0.9974272847175598,0.996499913930893,0.0007147244275918248,0.0009273707866668257
449,458,-50,-41,10,0.9974272847175598,0.995811116695404,0.0006434668096630205,0.0016161680221558061
450,459,-49,-40,10,0.9974272847175598,0.9961594074964524,0.0006757363043408611,0.0012678772211074385
451,460,-48,-39,10,0.9974272847175598,0.9968911588191987,0.0004582224490049014,0.0005361258983611616
452,461,-47,-38,10,0.9974272847175598,0.996265310049057,0.0006026909714212831,0.0011619746685027632
453,462,-46,-37,10,0.9974272847175598,0.9960150867700577,0.0004769834070172599,0.0014121979475021362
454,463,-45,-36,10,0.9974272847175598,0.9957255333662033,0.0006868739830594977,0.0017017513513565286
455,464,-44,-35,10,0.9974272847175598,0.9957012742757797,0.000777016220718789,0.0017260104417801125
456,465,-43,-34,10,0.9974272847175598,0.9961092680692673,0.0004636162536750456,0.0013180166482925637
457,466,-42,-33,10,0.9974272847175598,0.9958367973566056,0.0006040658729066522,0.0015904873609542403
458,467,-41,-32,10,0.9974272847175598,0.9968138694763183,0.0004890097979591253,0.0006134152412414773
459,468,-40,-31,10,0.9974272847175598,0.9968623399734498,0.00046400705703727123,0.000564944744110063
460,469,-39,-30,10,0.9974272847175598,0.9954924643039703,0.0006356271409641343,0.0019348204135894997
461,470,-38,-29,10,0.9974272847175598,0.9958847731351852,0.00046308688088543434,0.0015425115823746172
462,471,-37,-28,10,0.9974272847175598,0.996600815653801,0.0006398624046143399,0.0008264690637588279
463,472,-36,-27,10,0.9974272847175598,0.9972708702087403,0.00035240495227166984,0.00015641450881953567
464,473,-35,-26,10,0.9974272847175598,0.9978514820337295,0.0003350858239800727,-0.00042419731616971657
465,474,-34,-25,10,0.9974272847175598,0.998151782155037,0.00027842164325376324,-0.0007244974374771562
466,475,-33,-24,10,0.9974272847175598,0.9985929101705551,0.00028535661309811515,-0.0011656254529952559
467,476,-32,-23,10,0.9974272847175598,0.9984518080949784,0.00025847400248341264,-0.0010245233774185403
468,477,-31,-22,10,0.9974272847175598,0.9983169555664062,0.0003989235042227877,-0.0008896708488463911
469,478,-30,-21,10,0.9974272847175598,0.9981029212474823,0.00027241636065580686,-0.0006756365299225298
470,479,-29,-20,10,0.9974272847175598,0.998745185136795,0.00021668960261915306,-0.001317900419235185
471,480,-28,-19,10,0.9974272847175598,0.9983422815799713,0.00038654307942425606,-0.0009149968624114768
472,481,-27,-18,10,0.9974272847175598,0.9982494056224823,0.00035833830795101656,-0.0008221209049225076
473,482,-26,-17,10,0.9974272847175598,0.9982315450906754,0.0003208115989368265,-0.0008042603731155396
474,483,-25,-16,10,0.9974272847175598,0.9976433575153351,0.00034230746921124053,-0.00021607279777524635
475,484,-24,-15,10,0.9974272847175598,0.9973219931125641,0.0005275027676127829,0.00010529160499572754
476,485,-23,-14,10,0.9974272847175598,0.997172212600708,0.000526802584947651,0.00025507211685182885
477,486,-22,-13,10,0.9974272847175598,0.9977155059576035,0.0005527441894378362,-0.00028822124004368455
478,487,-21,-12,10,0.9974272847175598,0.9979336947202683,0.0004901157294646152,-0.0005064100027084573
479,488,-20,-11,10,0.9974272847175598,0.997695979475975,0.0003555694436334562,-0.00026869475841517776
480,489,-19,-10,10,0.9974272847175598,0.9971607625484467,0.0005090260224698211,0.0002665221691131592
481,490,-18,-9,10,0.9974272847175598,0.9976359844207764,0.000527883335078586,-0.00020869970321657494
482,491,-17,-8,10,0.9974272847175598,0.9973239332437516,0.0006170797090472481,0.00010335147380824417
483,492,-16,-7,10,0.9974272847175598,0.9974375575780868,0.0006005771467830965,-1.027286052701637e-05
484,493,-15,-6,10,0.9974272847175598,0.9975801020860672,0.0005778193258234654,-0.00015281736850736305
485,494,-14,-5,10,0.9974272847175598,0.9982364892959594,0.00036155659715203406,-0.0008092045783996138
486,495,-13,-4,10,0.9974272847175598,0.9980969578027725,0.00044775703421611477,-0.0006696730852127075
487,496,-12,-3,10,0.9974272847175598,0.9973424166440964,0.0005509645756080418,8.486807346341774e-05
488,497,-11,-2,10,0.9974272847175598,0.9971904724836349,0.0005875177128595325,0.00023681223392491013
489,498,-10,-1,10,0.9974272847175598,0.9974629372358322,0.0006687889463387687,-3.565251827242211e-05
490,499,-9,0,10,0.9974272847175598,0.9972953468561172,0.0010742262921443705,0.00013193786144261033
491,500,-8,1,10,0.9974272847175598,0.9974947065114975,0.0010274963100924271,-6.742179393770531e-05
492,501,-7,2,10,0.9974272847175598,0.9971789449453354,0.0007726658168462651,0.00024833977222438186
493,502,-6,3,10,0.9974272847175598,0.9968773305416108,0.0009746070646112899,0.0005499541759490523
494,503,-5,4,10,0.9974272847175598,0.9971176832914352,0.001040493608395334,0.00030960142612457275
495,504,-4,5,10,0.9974272847175598,0.9972747445106507,0.000926369170820425,0.00015254020690913528
496,505,-3,6,10,0.9974272847175598,0.9961094081401825,0.001541496344298125,0.0013178765773773637
497,506,-2,7,10,0.9974272847175598,0.9958731204271316,0.001587655746764602,0.001554164290428206
498,507,-1,8,10,0.9974272847175598,0.9964361220598221,0.0014011166250617597,0.0009911626577376875
499,508,0,9,10,0.9974272847175598,0.99664808511734,0.0008227430206752322,0.000779199600219771
500,509,1,10,10,0.9974272847175598,0.9970410197973252,0.000711471585883627,0.00038626492023463577
501,510,2,11,10,0.9974272847175598,0.9970938712358475,0.0005749129769918481,0.0003334134817123413
502,511,3,12,10,0.9974272847175598,0.9970619976520538,0.0005993667416895285,0.00036528706550598145
503,512,4,13,10,0.9974272847175598,0.9962418764829636,0.0008328745166613976,0.0011854082345962302
504,513,5,14,10,0.9974272847175598,0.9970302909612656,0.0007189911715565228,0.0003969937562942061
505,514,6,15,10,0.9974272847175598,0.997490930557251,0.0006060832726212014,-6.364583969120652e-05
506,515,7,16,10,0.9974272847175598,0.997793847322464,0.0004508020233355485,-0.000366562604904197
507,516,8,17,10,0.9974272847175598,0.9981248170137406,0.0004588988865230395,-0.0006975322961807473
508,517,9,18,10,0.9974272847175598,0.9979641109704971,0.00047178635616456016,-0.0005368262529372725
509,518,10,19,10,0.9974272847175598,0.9971645295619964,0.000636691325138254,0.0002627551555633989
510,519,11,20,10,0.9974272847175598,0.9970958441495895,0.0004929892380172189,0.0003314405679702981
511,520,12,21,10,0.9974272847175598,0.9970195472240448,0.00047196322421159655,0.00040773749351497024
512,521,13,22,10,0.9974272847175598,0.9971443593502045,0.00040728767247614193,0.00028292536735530227
513,522,14,23,10,0.9974272847175598,0.9966944843530655,0.0008275366234950782,0.0007328003644943015
514,523,15,24,10,0.9974272847175598,0.9956400245428085,0.000957756380551023,0.0017872601747512817
515,524,16,25,10,0.9974272847175598,0.9951515197753906,0.0009712870288854634,0.0022757649421691895
516,525,17,26,10,0.9974272847175598,0.994547626376152,0.0008290516285743394,0.002879658341407798
517,526,18,27,10,0.9974272847175598,0.9935292184352875,0.0013234497678576256,0.0038980662822722945
518,527,19,28,10,0.9974272847175598,0.9934188395738601,0.0014866178936649055,0.00400844514369969
519,528,20,29,10,0.9974272847175598,0.9927121013402939,0.0015164019527315377,0.004715183377265952
520,529,21,30,10,0.9974272847175598,0.994008657336235,0.0013740732140935,0.0034186273813248125
521,530,22,31,10,0.9974272847175598,0.9945224672555923,0.001138161514239483,0.0029048174619674683
522,531,23,32,10,0.9974272847175598,0.9931289076805114,0.0016523616653939927,0.004298377037048384
523,532,24,33,10,0.9974272847175598,0.9943380773067474,0.0009229170434404837,0.0030892074108124223
524,533,25,34,10,0.9974272847175598,0.9952158153057098,0.000584665433964206,0.00221146941185002
525,534,26,35,10,0.9974272847175598,0.9951826512813569,0.000668878857847423,0.0022446334362029585
526,535,27,36,10,0.9974272847175598,0.9956701785326004,0.0007667102389592605,0.0017571061849593894
527,536,28,37,10,0.9974272847175598,0.9951633989810944,0.0009591295240714245,0.0022638857364654097
528,537,29,38,10,0.9974272847175598,0.9951909989118576,0.0008642671914501292,0.0022362858057022317
529,538,30,39,10,0.9974272847175598,0.9964181363582612,0.0008639949083693952,0.0010091483592986616
530,539,31,40,10,0.9974272847175598,0.9964504599571228,0.0008091202752455044,0.000976824760437034
531,540,32,41,10,0.9974272847175598,0.9967391818761826,0.0004999015210507827,0.0006881028413772139
532,541,33,42,10,0.9974272847175598,0.9979911178350449,0.00043878981703267765,-0.0005638331174850908
533,542,34,43,10,0.9974272847175598,0.9979991346597672,0.0003662853961915995,-0.0005718499422073808
534,543,35,44,10,0.9974272847175598,0.9980053693056107,0.0003683105334275708,-0.0005780845880508645
535,544,36,45,10,0.9974272847175598,0.9977138429880142,0.0005192798517793782,-0.00028655827045442894
536,545,37,46,10,0.9974272847175598,0.9976178675889968,0.00058748861614005,-0.00019058287143702834
537,546,38,47,10,0.9974272847175598,0.9977553874254227,0.0004711267896159389,-0.0003281027078628762
538,547,39,48,10,0.9974272847175598,0.99801806807518,0.000255855203567407,-0.0005907833576201948
539,548,40,49,10,0.9974272847175598,0.9984904736280441,0.00021724519067638576,-0.0010631889104842918
540,549,41,50,10,0.9974272847175598,0.9977345079183578,0.00027937995909328934,-0.00030722320079801246
541,550,42,51,10,0.9974272847175598,0.9977712094783783,0.0004228050668266941,-0.00034392476081845924
542,551,43,52,10,0.9974272847175598,0.9973532766103744,0.0003492480845991058,7.400810718538597e-05
543,552,44,53,10,0.9974272847175598,0.9964058220386505,0.000465567381202138,0.0010214626789093462
544,553,45,54,10,0.9974272847175598,0.99556844830513,0.0005906798638341151,0.0018588364124297874
545,554,46,55,10,0.9974272847175598,0.9958507776260376,0.00044595818583645017,0.001576507091522239
546,555,47,56,10,0.9974272847175598,0.9954585343599319,0.0005776728383435062,0.001968750357627891
547,556,48,57,10,0.9974272847175598,0.9957982391119004,0.0005670888764786291,0.0016290456056594627
548,557,49,58,10,0.9974272847175598,0.9955855548381806,0.0008703895468974856,0.0018417298793792503
549,558,50,59,10,0.9974272847175598,0.9949962884187699,0.0013438662737190819,0.002430996298789956
550,559,51,60,10,0.9974272847175598,0.996237388253212,0.0008464654934801298,0.0011898964643478616
551,560,52,61,10,0.9974272847175598,0.9964100301265717,0.000644289394721012,0.0010172545909881148
552,561,53,62,10,0.9974272847175598,0.9950709819793702,0.0010285013128399996,0.002356302738189653
553,562,54,63,10,0.9974272847175598,0.99583600461483,0.0008278123739079523,0.0015912801027297974
554,563,55,64,10,0.9974272847175598,0.9964855521917343,0.0005324438233381148,0.0009417325258255227
555,564,56,65,10,0.9974272847175598,0.9971930742263794,0.0003902399096604744,0.00023421049118044213
556,565,57,66,10,0.9974272847175598,0.9975434571504593,0.0004175961444580561,-0.0001161724328995195
557,566,58,67,10,0.9974272847175598,0.997641533613205,0.0005967478349211389,-0.0002142488956451416
558,567,59,68,10,0.9974272847175598,0.9980347782373429,0.00045174777776193077,-0.0006074935197830644
559,568,60,69,10,0.9974272847175598,0.9980617731809616,0.0003774354957844869,-0.00063448846340175
560,569,61,70,10,0.9974272847175598,0.9980730950832367,0.00045870201257055404,-0.0006458103656769021
561,570,62,71,10,0.9974272847175598,0.9980924129486084,0.0004750933119455746,-0.000665128231048584
562,571,63,72,10,0.9974272847175598,0.9983251929283142,0.0003318928989429143,-0.0008979082107544167
563,572,64,73,10,0.9974272847175598,0.9985980957746505,0.00026769757243673035,-0.0011708110570907149
564,573,65,74,10,0.9974272847175598,0.9985466450452805,0.00023818147527781818,-0.001119360327720642
565,574,66,75,10,0.9974272847175598,0.9987450867891312,0.0002984364211006735,-0.0013178020715713945
566,575,67,76,10,0.9974272847175598,0.998785388469696,0.00020530010304122876,-0.001358103752136186
567,576,68,77,10,0.9974272847175598,0.9983050167560578,0.00023735739303052162,-0.000877732038497947
568,577,69,78,10,0.9974272847175598,0.9982207149267197,0.00024786362339001666,-0.0007934302091598955
569,578,70,79,10,0.9974272847175598,0.9982222795486451,0.0003169428792393393,-0.0007949948310852495
570,579,71,80,10,0.9974272847175598,0.99797542989254,0.00034571078945505395,-0.0005481451749801414
571,580,72,81,10,0.9974272847175598,0.9974695026874543,0.0003333739436937197,-4.221796989445359e-05
572,581,73,82,10,0.9974272847175598,0.997399377822876,0.0004817811185096911,2.7906894683793482e-05
573,582,74,83,10,0.9974272847175598,0.9973818391561509,0.0003866187320575714,4.544556140895217e-05
574,583,75,84,10,0.9974272847175598,0.9977474421262741,0.0003268372682698716,-0.00032015740871427223
575,584,76,85,10,0.9974272847175598,0.9973493725061416,0.0004464303301529752,7.791221141817406e-05
576,585,77,86,10,0.9974272847175598,0.9973887830972672,0.0003674993876959165,3.8501620292619165e-05
577,586,78,87,10,0.9974272847175598,0.9974188178777694,0.00024351663561266807,8.466839790388647e-06
578,587,79,88,10,0.9974272847175598,0.9967637300491333,0.0005367891522897927,0.0006635546684264915
579,588,80,89,10,0.9974272847175598,0.9968957960605621,0.0007340605701492341,0.0005314886569977029
580,589,81,90,10,0.9974272847175598,0.9968011140823364,0.0006380022953935644,0.0006261706352234109
581,590,82,91,10,0.9974272847175598,0.9976500153541565,0.0005543052630061605,-0.0002227306365967241
582,591,83,92,10,0.9974272847175598,0.9976331621408463,0.0005404922641078107,-0.0002058774232864824
583,592,84,93,10,0.9974272847175598,0.997533205151558,0.0007585808112137967,-0.00010592043399815232
584,593,85,94,10,0.9974272847175598,0.9959165990352631,0.0008813188729309256,0.0015106856822967307
585,594,86,95,10,0.9974272847175598,0.9969743341207504,0.0006939359829430876,0.0004529505968093872
586,595,87,96,10,0.9974272847175598,0.9966362565755844,0.0007090877727005368,0.0007910281419754028
587,596,88,97,10,0.9974272847175598,0.9972075343132019,0.0006413356694758884,0.00021975040435795457
588,597,89,98,10,0.9974272847175598,0.9970656573772431,0.0006852351522469731,0.00036162734031675026
589,598,90,99,10,0.9974272847175598,0.9962671488523483,0.0008228651190586138,0.0011601358652114646
590,599,91,100,10,0.9974272847175598,0.9966123014688492,0.0005975975948053974,0.0008149832487106545
