index,coord,n_mut,original_prob,mutated_mean_prob,mutated_std_prob,delta_prob
0,-499,10,0.9974272847175598,0.9968568116426468,0.0009350717146318643,0.0005704730749129805
1,-498,10,0.9974272847175598,0.9963758558034896,0.0016183421740421859,0.0010514289140701738
2,-497,10,0.9974272847175598,0.9967454344034195,0.0010469671855813448,0.0006818503141403642
3,-496,10,0.9974272847175598,0.9970298379659652,0.001267131155445028,0.00039744675159458787
4,-495,10,0.9974272847175598,0.9961883276700974,0.0013301165022479482,0.0012389570474624634
5,-494,10,0.9974272847175598,0.9969178080558777,0.0008460813471610738,0.0005094766616821067
6,-493,10,0.9974272847175598,0.9970174193382263,0.0009312010093313779,0.0004098653793335183
7,-492,10,0.9974272847175598,0.9960755199193955,0.0012804857505643887,0.0013517647981643455
8,-491,10,0.9974272847175598,0.9972767949104309,0.0008161164220184599,0.00015048980712895066
9,-490,10,0.9974272847175598,0.9962487071752548,0.0016041341513114077,0.0011785775423049927
10,-489,10,0.9974272847175598,0.9969208747148514,0.0009746974545969895,0.0005064100027084573
11,-488,10,0.9974272847175598,0.9971536815166473,0.0006801396981506869,0.00027360320091252
12,-487,10,0.9974272847175598,0.997039133310318,0.0009978750131639947,0.0003881514072417991
13,-486,10,0.9974272847175598,0.9966397434473038,0.0009802335793191678,0.0007875412702560425
14,-485,10,0.9974272847175598,0.997549957036972,0.0007363575452069308,-0.00012267231941220924
15,-484,10,0.9974272847175598,0.9967589765787125,0.0013226658723703149,0.0006683081388473289
16,-483,10,0.9974272847175598,0.9973584949970246,0.0010289893562611336,6.878972053525612e-05
17,-482,10,0.9974272847175598,0.9959904164075851,0.0017049979212499131,0.0014368683099746926
18,-481,10,0.9974272847175598,0.9967888772487641,0.0014923184253141234,0.000638407468795732
19,-480,10,0.9974272847175598,0.9972862988710404,0.00087763011389026,0.000140985846519448
20,-479,10,0.9974272847175598,0.9963646501302719,0.00159587621882287,0.0010626345872879472
21,-478,10,0.9974272847175598,0.9967908531427383,0.0011716060599136974,0.0006364315748215166
22,-477,10,0.9974272847175598,0.9972314089536667,0.0010358718284122017,0.00019587576389312744
23,-476,10,0.9974272847175598,0.9974236071109772,0.0008918897518052884,3.6776065825971926e-06
24,-475,10,0.9974272847175598,0.9972432404756546,0.001295228116072187,0.0001840442419052124
25,-474,10,0.9974272847175598,0.9969849079847336,0.0010973083475611445,0.0004423767328262107
26,-473,10,0.9974272847175598,0.9962974458932876,0.0016859626053243664,0.0011298388242722002
27,-472,10,0.9974272847175598,0.9973972380161286,0.0010746541604473407,3.004670143125221e-05
28,-471,10,0.9974272847175598,0.9970299750566483,0.0011365794815696472,0.00039730966091156006
29,-470,10,0.9974272847175598,0.9968610048294068,0.0016981684217520247,0.000566279888153054
30,-469,10,0.9974272847175598,0.9965095341205596,0.0015538528789709521,0.0009177505970001665
31,-468,10,0.9974272847175598,0.9974770754575729,0.0008084146354115624,-4.9790740013100354e-05
32,-467,10,0.9974272847175598,0.9973656117916108,0.0008049333439781836,6.167292594905227e-05
33,-466,10,0.9974272847175598,0.9967078268527985,0.0012375821540950669,0.0007194578647613525
34,-465,10,0.9974272847175598,0.9969848722219468,0.000984185795337664,0.00044241249561305374
35,-464,10,0.9974272847175598,0.9963643670082092,0.0014964015099664181,0.0010629177093506303
36,-463,10,0.9974272847175598,0.996301394701004,0.0007846367136155941,0.0011258900165558305
37,-462,10,0.9974272847175598,0.9971302956342697,0.0009118675914196891,0.0002969890832901223
38,-461,10,0.9974272847175598,0.9971586883068084,0.001100153536908008,0.0002685964107513872
39,-460,10,0.9974272847175598,0.9971323400735855,0.0010095077758954729,0.000294944643974282
40,-459,10,0.9974272847175598,0.997276347875595,0.0010755295906423761,0.0001509368419647661
41,-458,10,0.9974272847175598,0.996671524643898,0.0016332337166756442,0.0007557600736618486
42,-457,10,0.9974272847175598,0.9972731500864029,0.0009615256611492633,0.00015413463115687698
43,-456,10,0.9974272847175598,0.9968250125646592,0.001078218792186942,0.0006022721529006514
44,-455,10,0.9974272847175598,0.9969621658325195,0.0010013975825687758,0.0004651188850403054
45,-454,10,0.9974272847175598,0.9966173648834229,0.0013916120989658054,0.0008099198341369185
46,-453,10,0.9974272847175598,0.9975872218608857,0.0011799405151416771,-0.00015993714332585007
47,-452,10,0.9974272847175598,0.9971005707979202,0.0016863356607639067,0.0003267139196395652
48,-451,10,0.9974272847175598,0.9968507945537567,0.0008477599442615474,0.0005764901638031228
49,-450,10,0.9974272847175598,0.9963906526565551,0.0009473441240973915,0.001036632061004683
50,-449,10,0.9974272847175598,0.9974947839975357,0.0009835921814762782,-6.74992799758467e-05
51,-448,10,0.9974272847175598,0.9968057602643967,0.001273805762251215,0.0006215244531631026
52,-447,10,0.9974272847175598,0.9967999756336212,0.0012057743623117032,0.0006273090839385986
53,-446,10,0.9974272847175598,0.9971443593502045,0.0007566057431817714,0.00028292536735530227
54,-445,10,0.9974272847175598,0.9975810497999191,0.000732271771862484,-0.00015376508235931396
55,-444,10,0.9974272847175598,0.9973289728164673,0.0008605854054263799,9.83119010925515e-05
56,-443,10,0.9974272847175598,0.9973763942718505,0.0008687980838206432,5.0890445709272925e-05
57,-442,10,0.9974272847175598,0.996712526679039,0.001016241605576236,0.0007147580385208352
58,-441,10,0.9974272847175598,0.9967228144407272,0.0013946836653905166,0.000704470276832625
59,-440,10,0.9974272847175598,0.9970072984695435,0.0011278524826473842,0.000419986248016313
60,-439,10,0.9974272847175598,0.9959338933229447,0.0020711638313125626,0.001493391394615129
61,-438,10,0.9974272847175598,0.9960860043764115,0.0012920750835743579,0.001341280341148332
62,-437,10,0.9974272847175598,0.996733745932579,0.001454354121581605,0.0006935387849807961
63,-436,10,0.9974272847175598,0.9964169800281525,0.0009301863319252945,0.0010103046894073264
64,-435,10,0.9974272847175598,0.9969666838645935,0.001140939269219285,0.0004606008529662864
65,-434,10,0.9974272847175598,0.9969632863998413,0.0010693164995686786,0.00046399831771848365
66,-433,10,0.9974272847175598,0.9970368534326554,0.0010510203807133182,0.0003904312849044578
67,-432,10,0.9974272847175598,0.9973993927240372,0.0011194666993066466,2.7891993522599634e-05
68,-431,10,0.9974272847175598,0.9970021992921829,0.0011797572194770481,0.0004250854253768921
69,-430,10,0.9974272847175598,0.9968813896179199,0.0010990613876486525,0.0005458950996398704
70,-429,10,0.9974272847175598,0.9966944754123688,0.001271194499123531,0.00073280930519104
71,-428,10,0.9974272847175598,0.9967441231012344,0.0008762637588520529,0.0006831616163254228
72,-427,10,0.9974272847175598,0.9971908211708069,0.001308293745072443,0.00023646354675288528
73,-426,10,0.9974272847175598,0.9971022784709931,0.000812401355410788,0.00032500624656672805
74,-425,10,0.9974272847175598,0.9959709584712982,0.0016123006697316303,0.0014563262462615745
75,-424,10,0.9974272847175598,0.9972746223211288,0.0010661197939611222,0.00015266239643096924
76,-423,10,0.9974272847175598,0.9975876241922379,0.0006311598956193307,-0.00016033947467808396
77,-422,10,0.9974272847175598,0.9969947546720505,0.0010818173969318662,0.0004325300455093606
78,-421,10,0.9974272847175598,0.997224560379982,0.001226030853065565,0.00020272433757784203
79,-420,10,0.9974272847175598,0.9965814173221588,0.001409447364864569,0.0008458673954010454
80,-419,10,0.9974272847175598,0.9975333780050277,0.0007877390196761562,-0.00010609328746791213
81,-418,10,0.9974272847175598,0.9969732582569122,0.0009168802401948222,0.0004540264606476274
82,-417,10,0.9974272847175598,0.9971645265817642,0.0012387069117675397,0.00026275813579557106
83,-416,10,0.9974272847175598,0.9958386838436126,0.0013113191550820258,0.001588600873947188
84,-415,10,0.9974272847175598,0.9967928618192673,0.000978808858724504,0.0006344228982925193
85,-414,10,0.9974272847175598,0.997878473997116,0.0008293863683728378,-0.00045118927955623
86,-413,10,0.9974272847175598,0.9973459064960479,0.0009889224391621794,8.137822151188523e-05
87,-412,10,0.9974272847175598,0.9970855802297592,0.0007465351560153546,0.00034170448780057594
88,-411,10,0.9974272847175598,0.997220703959465,0.0010475844291072652,0.0002065807580947654
89,-410,10,0.9974272847175598,0.9973466902971267,0.0010657363976998987,8.059442043306664e-05
90,-409,10,0.9974272847175598,0.9966548264026642,0.0009251004239301293,0.0007724583148955855
91,-408,10,0.9974272847175598,0.9971008449792862,0.0009615426620999537,0.0003264397382736206
92,-407,10,0.9974272847175598,0.9967295736074447,0.0012153524747576328,0.0006977111101150735
93,-406,10,0.9974272847175598,0.9970322102308273,0.0017675969344421434,0.0003950744867324829
94,-405,10,0.9974272847175598,0.996796402335167,0.0009979321218932156,0.0006308823823928389
95,-404,10,0.9974272847175598,0.9962962627410888,0.0014114558156209007,0.0011310219764709695
96,-403,10,0.9974272847175598,0.9971646726131439,0.001147577538471951,0.00026261210441591576
97,-402,10,0.9974272847175598,0.9965867638587952,0.001023141566084492,0.0008405208587646262
98,-401,10,0.9974272847175598,0.9972405344247818,0.001037150032197072,0.00018675029277803734
99,-400,10,0.9974272847175598,0.9959216982126236,0.0019014420828188817,0.0015055865049362627
100,-399,10,0.9974272847175598,0.9968860685825348,0.0012844527685722655,0.0005412161350250022
101,-398,10,0.9974272847175598,0.9962660610675812,0.0009421905416836013,0.0011612236499786155
102,-397,10,0.9974272847175598,0.9965488731861114,0.0010896327724818256,0.0008784115314484087
103,-396,10,0.9974272847175598,0.9961250782012939,0.001685374430221308,0.0013022065162658913
104,-395,10,0.9974272847175598,0.9970750629901886,0.0009452812722223736,0.00035222172737126023
105,-394,10,0.9974272847175598,0.9958399116992951,0.0011952255910279738,0.001587373018264726
106,-393,10,0.9974272847175598,0.9972704619169235,0.0008293127413302294,0.0001568228006363359
107,-392,10,0.9974272847175598,0.9973162084817886,0.0009181613422478624,0.00011107623577122361
108,-391,10,0.9974272847175598,0.9966593891382217,0.001143568906451153,0.0007678955793380959
109,-390,10,0.9974272847175598,0.9965319752693176,0.0016589978099977186,0.0008953094482422319
110,-389,10,0.9974272847175598,0.9972624808549881,0.0009874081464580449,0.0001648038625716719
111,-388,10,0.9974272847175598,0.9968334466218949,0.0011291997187270596,0.0005938380956649336
112,-387,10,0.9974272847175598,0.9973568707704544,0.001039410163256504,7.041394710538551e-05
113,-386,10,0.9974272847175598,0.9966291874647141,0.001244642314270562,0.000798097252845742
114,-385,10,0.9974272847175598,0.9970324218273163,0.0013980212530036776,0.00039486289024348586
115,-384,10,0.9974272847175598,0.9963002294301987,0.001649707303351564,0.0011270552873611228
116,-383,10,0.9974272847175598,0.9967387735843658,0.001014603836463686,0.0006885111331940141
117,-382,10,0.9974272847175598,0.9970229387283325,0.0010035835340518051,0.00040434598922733933
118,-381,10,0.9974272847175598,0.9971856385469436,0.0011141684355330478,0.0002416461706161721
119,-380,10,0.9974272847175598,0.9973544925451279,0.0009139801048654205,7.27921724319458e-05
120,-379,10,0.9974272847175598,0.9971878528594971,0.0008176847542308324,0.00023943185806274414
121,-378,10,0.9974272847175598,0.9975110471248627,0.0008149394209384538,-8.376240730290085e-05
122,-377,10,0.9974272847175598,0.996570599079132,0.0014343741160552277,0.0008566856384277788
123,-376,10,0.9974272847175598,0.9974211812019348,0.000715794174711473,6.1035156250222045e-06
124,-375,10,0.9974272847175598,0.9970698446035385,0.0008903460374471592,0.00035744011402127907
125,-374,10,0.9974272847175598,0.9967667996883393,0.0009029977920533033,0.0006604850292205589
126,-373,10,0.9974272847175598,0.9971072047948837,0.0007933425593008569,0.00032007992267613083
127,-372,10,0.9974272847175598,0.997027137875557,0.00103951010873587,0.00040014684200284645
128,-371,10,0.9974272847175598,0.9969560921192169,0.0008298571627425636,0.0004711925983429399
129,-370,10,0.9974272847175598,0.9968999922275543,0.0009816733867340994,0.0005272924900054932
130,-369,10,0.9974272847175598,0.9967980206012725,0.0011171303925548604,0.0006292641162872759
131,-368,10,0.9974272847175598,0.9966935575008392,0.0009809366126650727,0.0007337272167206033
132,-367,10,0.9974272847175598,0.9968892514705658,0.0011779341731745093,0.0005380332469939741
133,-366,10,0.9974272847175598,0.9976585119962692,0.0007651232694234742,-0.00023122727870938942
134,-365,10,0.9974272847175598,0.9968778550624847,0.0008519229785143711,0.0005494296550750954
135,-364,10,0.9974272847175598,0.9957092523574829,0.001910925714432541,0.0017180323600769487
136,-363,10,0.9974272847175598,0.9971963137388229,0.0008502715232950095,0.00023097097873692185
137,-362,10,0.9974272847175598,0.9969243437051774,0.0009833392944081304,0.0005029410123824629
138,-361,10,0.9974272847175598,0.9970769971609116,0.0008928197287779285,0.0003502875566482322
139,-360,10,0.9974272847175598,0.9968473583459854,0.001264242180323497,0.0005799263715744463
140,-359,10,0.9974272847175598,0.9963024646043778,0.0013607517596088065,0.0011248201131820457
141,-358,10,0.9974272847175598,0.9968306452035904,0.0013120086462211785,0.000596639513969377
142,-357,10,0.9974272847175598,0.9975223034620285,0.0007922307972951459,-9.501874446871117e-05
143,-356,10,0.9974272847175598,0.997049343585968,0.0010922525604915528,0.0003779411315918413
144,-355,10,0.9974272847175598,0.9963198125362396,0.0012894383681289912,0.0011074721813202348
145,-354,10,0.9974272847175598,0.9973008871078491,0.0009817727838210405,0.00012639760971067115
146,-353,10,0.9974272847175598,0.9968586593866349,0.001383979568738585,0.0005686253309249434
147,-352,10,0.9974272847175598,0.9973227173089981,0.0007369802171028723,0.00010456740856168434
148,-351,10,0.9974272847175598,0.9966252326965332,0.0014497426557359273,0.0008020520210265669
149,-350,10,0.9974272847175598,0.9969365030527115,0.00140956584187577,0.0004907816648482832
150,-349,10,0.9974272847175598,0.9966487735509872,0.001132453917917003,0.0007785111665725708
151,-348,10,0.9974272847175598,0.9974336981773376,0.0010819039335841058,-6.413459777809827e-06
152,-347,10,0.9974272847175598,0.9971874982118607,0.0009288698718340797,0.0002397865056991133
153,-346,10,0.9974272847175598,0.9968636602163314,0.001308994009196861,0.0005636245012283769
154,-345,10,0.9974272847175598,0.9976487517356872,0.0008517884460089606,-0.0002214670181274192
155,-344,10,0.9974272847175598,0.9972317725419998,0.0008274698297330443,0.00019551217556001976
156,-343,10,0.9974272847175598,0.9965512990951538,0.002190599662964309,0.0008759856224059837
157,-342,10,0.9974272847175598,0.9973127901554107,0.0011226465914029584,0.00011449456214907006
158,-341,10,0.9974272847175598,0.9971483588218689,0.001002722856409281,0.00027892589569089576
159,-340,10,0.9974272847175598,0.9969929397106171,0.0012510669608442333,0.0004343450069427268
160,-339,10,0.9974272847175598,0.9965036481618881,0.0015026546440971777,0.0009236365556717363
161,-338,10,0.9974272847175598,0.996668916940689,0.0009878893423128615,0.000758367776870772
162,-337,10,0.9974272847175598,0.9969933003187179,0.0008847592757531134,0.0004339843988419023
163,-336,10,0.9974272847175598,0.9968575417995453,0.0010522553288957628,0.000569742918014482
164,-335,10,0.9974272847175598,0.9968826472759247,0.0010667777749114008,0.0005446374416351318
165,-334,10,0.9974272847175598,0.9973550826311112,0.0010482692789099601,7.220208644864723e-05
166,-333,10,0.9974272847175598,0.996861743927002,0.0013109949667257587,0.0005655407905578169
167,-332,10,0.9974272847175598,0.997016042470932,0.001022332602720836,0.0004112422466278076
168,-331,10,0.9974272847175598,0.9968961983919143,0.0010565779669213977,0.000531086325645469
169,-330,10,0.9974272847175598,0.9970910102128983,0.0009421508816110962,0.00033627450466156006
170,-329,10,0.9974272847175598,0.9972015768289566,0.0009501049144545291,0.00022570788860321045
171,-328,10,0.9974272847175598,0.9972249418497086,0.0010417050437650703,0.00020234286785125732
172,-327,10,0.9974272847175598,0.9969950050115586,0.0011594695919415659,0.00043227970600123733
173,-326,10,0.9974272847175598,0.9968486368656159,0.0009052482444817049,0.0005786478519439475
174,-325,10,0.9974272847175598,0.997126904129982,0.0010882651539552742,0.00030038058757786423
175,-324,10,0.9974272847175598,0.9968022644519806,0.001099446030023516,0.0006250202655792014
176,-323,10,0.9974272847175598,0.9964129239320755,0.0012694593697417818,0.0010143607854843362
177,-322,10,0.9974272847175598,0.9971113681793213,0.000866749736649421,0.000315916538238481
178,-321,10,0.9974272847175598,0.9967605829238891,0.0007880068671252662,0.0006667017936706765
179,-320,10,0.9974272847175598,0.9966617405414582,0.0020152032668515193,0.0007655441761016402
180,-319,10,0.9974272847175598,0.9967990607023239,0.0011208954151134215,0.0006282240152358787
181,-318,10,0.9974272847175598,0.9970767199993134,0.0011215246566764977,0.00035056471824645996
182,-317,10,0.9974272847175598,0.9968999147415161,0.0013419113284098179,0.0005273699760437456
183,-316,10,0.9974272847175598,0.9965776801109314,0.001016747840147628,0.000849604606628418
184,-315,10,0.9974272847175598,0.9966129064559937,0.0014327456722390095,0.0008143782615661621
185,-314,10,0.9974272847175598,0.9971919059753418,0.0011786245315253147,0.00023537874221801758
186,-313,10,0.9974272847175598,0.9968936979770661,0.0010828841402865791,0.0005335867404937522
187,-312,10,0.9974272847175598,0.9967903226613999,0.0011673725991622897,0.0006369620561599287
188,-311,10,0.9974272847175598,0.9967691838741303,0.0010575548061440077,0.0006581008434295432
189,-310,10,0.9974272847175598,0.9971914499998092,0.0009409364691709281,0.00023583471775057152
190,-309,10,0.9974272847175598,0.996710154414177,0.0017649189651932618,0.0007171303033828291
191,-308,10,0.9974272847175598,0.9969698905944824,0.0014694032573927015,0.000457394123077437
192,-307,10,0.9974272847175598,0.9967422395944595,0.0007628585339626925,0.000685045123100303
193,-306,10,0.9974272847175598,0.9970615655183792,0.0009081768996704194,0.00036571919918060303
194,-305,10,0.9974272847175598,0.9973712742328644,0.0007858279882477334,5.601048469539016e-05
195,-304,10,0.9974272847175598,0.9972941160202027,0.0006770866897398863,0.00013316869735713333
196,-303,10,0.9974272847175598,0.9968799412250519,0.0012428118602806726,0.0005473434925079568
197,-302,10,0.9974272847175598,0.9972525089979172,0.0007105075959798839,0.00017477571964263916
198,-301,10,0.9974272847175598,0.9962655156850815,0.0017374386736376806,0.0011617690324783325
199,-300,10,0.9974272847175598,0.9961322784423828,0.0011425257431567956,0.0012950062751769797
200,-299,10,0.9974272847175598,0.9969756990671158,0.001129743504364919,0.00045158565044400856
201,-298,10,0.9974272847175598,0.9956989139318466,0.001965238878389389,0.0017283707857131958
202,-297,10,0.9974272847175598,0.9964278221130372,0.0017541814759568534,0.0009994626045226607
203,-296,10,0.9974272847175598,0.9970352709293365,0.0011754558140536122,0.0003920137882232888
204,-295,10,0.9974272847175598,0.9971533298492432,0.0007912841895253881,0.000273954868316606
205,-294,10,0.9974272847175598,0.9970126926898957,0.0010868752447957823,0.00041459202766414016
206,-293,10,0.9974272847175598,0.9968286395072937,0.0012601656709176339,0.0005986452102660911
207,-292,10,0.9974272847175598,0.9962107688188553,0.0013822250220153869,0.0012165158987045288
208,-291,10,0.9974272847175598,0.996257308125496,0.001383675208379981,0.0011699765920638594
209,-290,10,0.9974272847175598,0.9962399393320084,0.0015674078454307146,0.0011873453855514304
210,-289,10,0.9974272847175598,0.9968228459358215,0.0009740399842678445,0.0006044387817383257
211,-288,10,0.9974272847175598,0.9966599613428115,0.0009553542014606902,0.0007673233747482744
212,-287,10,0.9974272847175598,0.9973230451345444,0.0008267663117934671,0.00010423958301541969
213,-286,10,0.9974272847175598,0.9975521326065063,0.0006643968533078259,-0.000124847888946511
214,-285,10,0.9974272847175598,0.9968781173229218,0.0009831803403813513,0.0005491673946380615
215,-284,10,0.9974272847175598,0.9970098555088043,0.0015729434522948002,0.0004174292087555376
216,-283,10,0.9974272847175598,0.9962283462285996,0.0010902159387816627,0.001198938488960244
217,-282,10,0.9974272847175598,0.9967959702014924,0.0009160805838137323,0.0006313145160674605
218,-281,10,0.9974272847175598,0.9970466643571854,0.0010655468692970607,0.0003806203603744507
219,-280,10,0.9974272847175598,0.9968476295471191,0.001103812573593217,0.0005796551704406738
220,-279,10,0.9974272847175598,0.997315090894699,0.0008454951762794923,0.00011219382286076218
221,-278,10,0.9974272847175598,0.997593903541565,0.0010789121465714984,-0.00016661882400514916
222,-277,10,0.9974272847175598,0.9967860758304596,0.0013353330093289742,0.0006412088871001753
223,-276,10,0.9974272847175598,0.9970873534679413,0.0014154088184231842,0.00033993124961850807
224,-275,10,0.9974272847175598,0.9967145949602128,0.0011529574529783341,0.0007126897573470625
225,-274,10,0.9974272847175598,0.9970188289880753,0.0014900603164565518,0.0004084557294845581
226,-273,10,0.9974272847175598,0.9974643677473068,0.0011908528144284722,-3.708302974703148e-05
227,-272,10,0.9974272847175598,0.9966323018074036,0.0010050935437019948,0.0007949829101562278
228,-271,10,0.9974272847175598,0.9966694802045822,0.0012254516470417752,0.0007578045129775779
229,-270,10,0.9974272847175598,0.996940302848816,0.00114670429220251,0.0004869818687438521
230,-269,10,0.9974272847175598,0.9964170604944229,0.0009606087823427705,0.0010102242231369019
231,-268,10,0.9974272847175598,0.9968728810548783,0.0010407855914275977,0.0005544036626815574
232,-267,10,0.9974272847175598,0.9969619512557983,0.0008908948149531613,0.0004653334617614746
233,-266,10,0.9974272847175598,0.9963877111673355,0.0012164413800151534,0.0010395735502243264
234,-265,10,0.9974272847175598,0.9967546999454499,0.0014974077446283118,0.0006725847721099631
235,-264,10,0.9974272847175598,0.9966922879219056,0.0012518239655112799,0.0007349967956542525
236,-263,10,0.9974272847175598,0.9971777081489563,0.0011582723853098336,0.0002495765686034712
237,-262,10,0.9974272847175598,0.9974951773881913,0.0008124374483038552,-6.78926706314531e-05
238,-261,10,0.9974272847175598,0.9969642192125321,0.0013756834329884577,0.0004630655050277266
239,-260,10,0.9974272847175598,0.9969475120306015,0.0009639834444151495,0.000479772686958313
240,-259,10,0.9974272847175598,0.9964539527893066,0.0015119849457740607,0.0009733319282532182
241,-258,10,0.9974272847175598,0.9972281187772751,0.0009610690033124264,0.0001991659402846846
242,-257,10,0.9974272847175598,0.9973325908184052,0.0010189302577701842,9.469389915461868e-05
243,-256,10,0.9974272847175598,0.997291448712349,0.0010930863330505343,0.00013583600521083206
244,-255,10,0.9974272847175598,0.9972944557666779,0.0008724412805444993,0.000132828950881958
245,-254,10,0.9974272847175598,0.996560913324356,0.0019997327275383552,0.0008663713932037798
246,-253,10,0.9974272847175598,0.9971913009881973,0.0010303572714195977,0.00023598372936251
247,-252,10,0.9974272847175598,0.9970712512731552,0.0009625854611058756,0.00035603344440460205
248,-251,10,0.9974272847175598,0.9973958492279053,0.0006931134723558835,3.143548965456322e-05
249,-250,10,0.9974272847175598,0.9964357286691665,0.0013401512460829872,0.000991556048393294
250,-249,10,0.9974272847175598,0.9966023921966553,0.0014676799331617121,0.0008248925209045632
251,-248,10,0.9974272847175598,0.9971096277236938,0.0010337782235590818,0.000317656993865989
252,-247,10,0.9974272847175598,0.9965518832206726,0.0009188266066807747,0.0008754014968872514
253,-246,10,0.9974272847175598,0.9967300206422806,0.0010460088413436182,0.000697264075279258
254,-245,10,0.9974272847175598,0.9969501793384552,0.0009349755359882778,0.00047710537910461426
255,-244,10,0.9974272847175598,0.997179189324379,0.0012631310171765653,0.00024809539318082496
256,-243,10,0.9974272847175598,0.9967830419540405,0.0011720711775028015,0.0006442427635192649
257,-242,10,0.9974272847175598,0.9969640612602234,0.0011625252140531328,0.0004632234573364036
258,-241,10,0.9974272847175598,0.9968796759843827,0.0009003314562809077,0.0005476087331771629
259,-240,10,0.9974272847175598,0.9970145642757415,0.0009239732977293757,0.0004127204418182817
260,-239,10,0.9974272847175598,0.9962415724992753,0.0018210962106425521,0.0011857122182845625
261,-238,10,0.9974272847175598,0.9976576298475266,0.0006992859963196475,-0.00023034512996678025
262,-237,10,0.9974272847175598,0.9972362220287323,0.0010525747568714656,0.00019106268882751465
263,-236,10,0.9974272847175598,0.9972380012273788,0.001193954124821792,0.00018928349018099144
264,-235,10,0.9974272847175598,0.9961571216583252,0.001493196351020498,0.0012701630592346635
265,-234,10,0.9974272847175598,0.9967760145664215,0.0012163365738986974,0.0006512701511383057
266,-233,10,0.9974272847175598,0.9972686678171158,0.0008485820319533693,0.00015861690044405297
267,-232,10,0.9974272847175598,0.9968745112419128,0.0010365021839855767,0.0005527734756469727
268,-231,10,0.9974272847175598,0.9969632565975189,0.001215010006469731,0.00046402812004087135
269,-230,10,0.9974272847175598,0.9968451172113418,0.0009652023955392068,0.0005821675062179787
270,-229,10,0.9974272847175598,0.9970516592264176,0.0009728626954934119,0.00037562549114222854
271,-228,10,0.9974272847175598,0.9973504602909088,0.0006126867403256953,7.682442665102318e-05
272,-227,10,0.9974272847175598,0.9974558770656585,0.0010319734958195513,-2.8592348098710474e-05
273,-226,10,0.9974272847175598,0.9974691241979599,0.0009404433506975966,-4.183948040004104e-05
274,-225,10,0.9974272847175598,0.9969197183847427,0.0013426703811777478,0.000507566332817122
275,-224,10,0.9974272847175598,0.9967362433671951,0.0012916986388629484,0.0006910413503646851
276,-223,10,0.9974272847175598,0.9974392831325531,0.0009132122745739653,-1.1998414993330542e-05
277,-222,10,0.9974272847175598,0.9969496130943298,0.001136117674035103,0.00047767162322998047
278,-221,10,0.9974272847175598,0.9973850697278976,0.0009410176018794549,4.221498966217041e-05
279,-220,10,0.9974272847175598,0.9971629947423934,0.0012920285355425079,0.0002642899751663652
280,-219,10,0.9974272847175598,0.997319495677948,0.0007698276889824917,0.00010778903961183861
281,-218,10,0.9974272847175598,0.996560251712799,0.001051684501458605,0.0008670330047607644
282,-217,10,0.9974272847175598,0.9965518921613693,0.0011102818471182942,0.0008753925561905129
283,-216,10,0.9974272847175598,0.9975238740444183,0.000824704334167981,-9.658932685852051e-05
284,-215,10,0.9974272847175598,0.9962700724601745,0.0014296275332928864,0.0011572122573852983
285,-214,10,0.9974272847175598,0.9968228459358215,0.001094799775262452,0.0006044387817383257
286,-213,10,0.9974272847175598,0.9972056597471237,0.0007359400515568708,0.0002216249704360962
287,-212,10,0.9974272847175598,0.997431480884552,0.000694907931880993,-4.1961669922097045e-06
288,-211,10,0.9974272847175598,0.9963970482349396,0.0015380712969447446,0.0010302364826202393
289,-210,10,0.9974272847175598,0.9970624029636384,0.0008768379222313588,0.0003648817539214644
290,-209,10,0.9974272847175598,0.9964793354272843,0.0013443599415059355,0.0009479492902755293
291,-208,10,0.9974272847175598,0.9965881496667862,0.0012754782599480616,0.0008391350507735984
292,-207,10,0.9974272847175598,0.9971296191215515,0.0011482924098841691,0.0002976655960083008
293,-206,10,0.9974272847175598,0.997457104921341,0.000980055031217057,-2.982020378117234e-05
294,-205,10,0.9974272847175598,0.9967277705669403,0.0012023542425245671,0.000699514150619529
295,-204,10,0.9974272847175598,0.9975982487201691,0.0007476664090130006,-0.00017096400260929734
296,-203,10,0.9974272847175598,0.9968646824359894,0.0010612522693237284,0.0005626022815704568
297,-202,10,0.9974272847175598,0.9965084880590439,0.0012345372035052326,0.000918796658515908
298,-201,10,0.9974272847175598,0.9969404071569443,0.0015210882450622167,0.00048687756061549514
299,-200,10,0.9974272847175598,0.9976642102003097,0.0007865178300731177,-0.00023692548274989456
300,-199,10,0.9974272847175598,0.996998792886734,0.001291269151552086,0.00042849183082582787
301,-198,10,0.9974272847175598,0.9971227675676346,0.0006544607357864052,0.0003045171499251875
302,-197,10,0.9974272847175598,0.9968380898237228,0.001195984174220745,0.0005891948938370195
303,-196,10,0.9974272847175598,0.9969575315713882,0.0010766339310330723,0.00046975314617159203
304,-195,10,0.9974272847175598,0.9967925280332566,0.0012301676939584722,0.0006347566843032393
305,-194,10,0.9974272847175598,0.9966859519481659,0.0014775232618222923,0.0007413327693939209
306,-193,10,0.9974272847175598,0.996737003326416,0.0010744173625370894,0.0006902813911437988
307,-192,10,0.9974272847175598,0.9967684417963028,0.0009800720958921233,0.0006588429212570635
308,-191,10,0.9974272847175598,0.9969257920980453,0.0009199064913758175,0.0005014926195144875
309,-190,10,0.9974272847175598,0.9965006858110428,0.0013948021761400547,0.0009265989065170288
310,-189,10,0.9974272847175598,0.9967803329229354,0.0016910573943318546,0.000646951794624373
311,-188,10,0.9974272847175598,0.9972395241260529,0.0013965555647616884,0.0001877605915069358
312,-187,10,0.9974272847175598,0.9961806803941726,0.0017417787363396286,0.0012466043233871904
313,-186,10,0.9974272847175598,0.9970049500465393,0.0014357286761435477,0.0004223346710204856
314,-185,10,0.9974272847175598,0.9970344483852387,0.0014632599608515827,0.0003928363323211226
315,-184,10,0.9974272847175598,0.9972639501094818,0.0012607715755568727,0.00016333460807804734
316,-183,10,0.9974272847175598,0.9966246068477631,0.0012321146477709114,0.0008026778697967085
317,-182,10,0.9974272847175598,0.9970488101243973,0.0013643379349231669,0.0003784745931625366
318,-181,10,0.9974272847175598,0.996849176287651,0.0014269240702362025,0.0005781084299087969
319,-180,10,0.9974272847175598,0.9968990504741668,0.001077375585406807,0.0005282342433929887
320,-179,10,0.9974272847175598,0.9970454186201095,0.0009134952693429638,0.00038186609745027855
321,-178,10,0.9974272847175598,0.9969745337963104,0.0008759289705499786,0.00045275092124941185
322,-177,10,0.9974272847175598,0.9971297383308411,0.0008060602811030082,0.00029754638671875
323,-176,10,0.9974272847175598,0.9967478215694427,0.0009602972306590723,0.0006794631481170654
324,-175,10,0.9974272847175598,0.9963674426078797,0.001749963342395176,0.0010598421096801314
325,-174,10,0.9974272847175598,0.9976104587316513,0.0011237275221160346,-0.0001831740140915139
326,-173,10,0.9974272847175598,0.9973253816366195,0.0008473533905866534,0.00010190308094026879
327,-172,10,0.9974272847175598,0.9966659218072891,0.001149442390666079,0.0007613629102707353
328,-171,10,0.9974272847175598,0.9960309386253356,0.001460349186351687,0.0013963460922241655
329,-170,10,0.9974272847175598,0.996734818816185,0.0012405044048664484,0.0006924659013748391
330,-169,10,0.9974272847175598,0.997091394662857,0.0009244415708021424,0.0003358900547028032
331,-168,10,0.9974272847175598,0.9964016079902649,0.001427661665809968,0.0010256767272949219
332,-167,10,0.9974272847175598,0.996584814786911,0.0014035803277810375,0.0008424699306488481
333,-166,10,0.9974272847175598,0.9973005920648574,0.0007751075333218316,0.00012669265270237595
334,-165,10,0.9974272847175598,0.9960126370191574,0.002271411572639112,0.0014146476984023826
335,-164,10,0.9974272847175598,0.9959116488695144,0.0014972157235811768,0.0015156358480453713
336,-163,10,0.9974272847175598,0.9966977179050446,0.0014504937908460314,0.0007295668125152366
337,-162,10,0.9974272847175598,0.9969020575284958,0.0012517461644212502,0.0005252271890640037
338,-161,10,0.9974272847175598,0.9976577877998352,0.0009022750444658901,-0.00023050308227534622
339,-160,10,0.9974272847175598,0.9973192423582077,0.0010073878269127496,0.00010804235935213402
340,-159,10,0.9974272847175598,0.9971575438976288,0.0009261337951229663,0.0002697408199310303
341,-158,10,0.9974272847175598,0.9968722522258758,0.0011704050017703105,0.0005550324916839822
342,-157,10,0.9974272847175598,0.9960941940546035,0.0012061940490464623,0.0013330906629562822
343,-156,10,0.9974272847175598,0.9969674944877625,0.0009149870634169306,0.0004597902297973633
344,-155,10,0.9974272847175598,0.9971926748752594,0.0009122464102414754,0.00023460984230039283
345,-154,10,0.9974272847175598,0.9969490200281144,0.0011773084642195376,0.0004782646894454512
346,-153,10,0.9974272847175598,0.9975100070238113,0.0008798650865851455,-8.272230625150367e-05
347,-152,10,0.9974272847175598,0.9973726361989975,0.0009558059062745088,5.464851856229469e-05
348,-151,10,0.9974272847175598,0.9971313655376435,0.0010148043875110552,0.0002959191799163374
349,-150,10,0.9974272847175598,0.9967981547117233,0.0013232404166288632,0.0006291300058365312
350,-149,10,0.9974272847175598,0.9969161927700043,0.0009687457050792776,0.0005110919475554976
351,-148,10,0.9974272847175598,0.9969185382127762,0.0008237368058782961,0.0005087465047836082
352,-147,10,0.9974272847175598,0.9969502866268158,0.0010808584521480437,0.00047699809074397415
353,-146,10,0.9974272847175598,0.9961201786994934,0.0013781254449978454,0.001307106018066384
354,-145,10,0.9974272847175598,0.9973759025335311,0.0007704287057839376,5.13821840286699e-05
355,-144,10,0.9974272847175598,0.9964651525020599,0.0014045078023677737,0.0009621322154999001
356,-143,10,0.9974272847175598,0.9960632979869842,0.0017713596977589723,0.0013639867305755837
357,-142,10,0.9974272847175598,0.9976664155721664,0.0006507137789334596,-0.000239130854606584
358,-141,10,0.9974272847175598,0.9965288400650024,0.0017845568826629818,0.0008984446525573953
359,-140,10,0.9974272847175598,0.9964985638856888,0.001106559398916102,0.0009287208318710105
360,-139,10,0.9974272847175598,0.9961520701646804,0.0016147436201385335,0.001275214552879378
361,-138,10,0.9974272847175598,0.9973189920186997,0.0007904583073494087,0.00010829269886014625
362,-137,10,0.9974272847175598,0.9968741208314895,0.0010729495918120285,0.0005531638860702959
363,-136,10,0.9974272847175598,0.9963410288095474,0.0010620739811705083,0.001086255908012368
364,-135,10,0.9974272847175598,0.9967910766601562,0.001102430537263938,0.0006362080574036089
365,-134,10,0.9974272847175598,0.9972477465867996,0.0008956437032460899,0.00017953813076021508
366,-133,10,0.9974272847175598,0.9967108488082885,0.0012042462087498733,0.0007164359092712846
367,-132,10,0.9974272847175598,0.9968718379735947,0.0012024315882776062,0.0005554467439651267
368,-131,10,0.9974272847175598,0.9971190392971039,0.0012922644554553134,0.0003082454204559326
369,-130,10,0.9974272847175598,0.99703828394413,0.0010727755163095448,0.0003890007734298484
370,-129,10,0.9974272847175598,0.9972160547971726,0.0013172213331970842,0.00021122992038724586
371,-128,10,0.9974272847175598,0.9973628491163253,0.0010659079104377424,6.443560123448044e-05
372,-127,10,0.9974272847175598,0.9969644248485565,0.0012500667605847195,0.0004628598690032959
373,-126,10,0.9974272847175598,0.996371665596962,0.001370600825769239,0.0010556191205978172
374,-125,10,0.9974272847175598,0.9971608519554138,0.000760375794837432,0.0002664327621459961
375,-124,10,0.9974272847175598,0.9965984910726547,0.0015746454485825953,0.0008287936449050681
376,-123,10,0.9974272847175598,0.9967496424913407,0.0012695955619701092,0.0006776422262191328
377,-122,10,0.9974272847175598,0.9972060054540635,0.0009789785477502904,0.00022127926349635452
378,-121,10,0.9974272847175598,0.9965686172246933,0.0010072272478191073,0.0008586674928665605
379,-120,10,0.9974272847175598,0.9970601558685303,0.0010122031151341604,0.0003671288490295632
380,-119,10,0.9974272847175598,0.9966481268405915,0.001415194157854669,0.0007791578769683616
381,-118,10,0.9974272847175598,0.9972147583961487,0.0010530362260717096,0.0002125263214111106
382,-117,10,0.9974272847175598,0.9965943425893784,0.0010831380050931605,0.0008329421281814131
383,-116,10,0.9974272847175598,0.9971444696187973,0.0012604384733642775,0.00028281509876249
384,-115,10,0.9974272847175598,0.9974117040634155,0.0007475034288582548,1.5580654144309314e-05
385,-114,10,0.9974272847175598,0.9971381574869156,0.0008183334401506096,0.0002891272306442261
386,-113,10,0.9974272847175598,0.9970870584249496,0.0012779165995290154,0.00034022629261021287
387,-112,10,0.9974272847175598,0.9958597987890243,0.0016772001897905856,0.0015674859285355058
388,-111,10,0.9974272847175598,0.997016304731369,0.0011825998358081136,0.0004109799861907737
389,-110,10,0.9974272847175598,0.9962236970663071,0.0011104204914356287,0.0012035876512527244
390,-109,10,0.9974272847175598,0.9971693843603134,0.0006731774262165473,0.0002579003572463767
391,-108,10,0.9974272847175598,0.9969874173402786,0.0012566684122064474,0.00043986737728118896
392,-107,10,0.9974272847175598,0.9969251334667206,0.0009290688738853308,0.000502151250839189
393,-106,10,0.9974272847175598,0.9970495402812958,0.0008278337002454423,0.0003777444362640381
394,-105,10,0.9974272847175598,0.9971612364053726,0.0007350838084599648,0.00026604831218723923
395,-104,10,0.9974272847175598,0.9967777758836747,0.0009692087997816806,0.0006495088338851485
396,-103,10,0.9974272847175598,0.9968970775604248,0.0013635364855936966,0.000530207157135032
397,-102,10,0.9974272847175598,0.9973893016576767,0.0009264989383273252,3.7983059883117676e-05
398,-101,10,0.9974272847175598,0.9969257444143296,0.0011613187251910957,0.0005015403032302412
399,-100,10,0.9974272847175598,0.9967916131019592,0.0011268544908498916,0.0006356716156006303
400,-99,10,0.9974272847175598,0.9967991858720779,0.0012583799381761195,0.0006280988454818726
401,-98,10,0.9974272847175598,0.9961569875478744,0.0011609068190228304,0.0012702971696854082
402,-97,10,0.9974272847175598,0.9972878813743591,0.0009753483662860475,0.000139403343200728
403,-96,10,0.9974272847175598,0.9976338595151901,0.0009651271691985653,-0.00020657479763031006
404,-95,10,0.9974272847175598,0.9971627354621887,0.0012420202864377155,0.00026454925537111595
405,-94,10,0.9974272847175598,0.9960747271776199,0.0016087060543714604,0.0013525575399399026
406,-93,10,0.9974272847175598,0.996344792842865,0.001392938758817808,0.0010824918746947798
407,-92,10,0.9974272847175598,0.9974553972482681,0.0006459345490618358,-2.8112530708335193e-05
408,-91,10,0.9974272847175598,0.997319370508194,0.0008562510485586263,0.00010791420936584473
409,-90,10,0.9974272847175598,0.9971916496753692,0.0012810682278300177,0.00023563504219059617
410,-89,10,0.9974272847175598,0.9974278837442399,0.0007353182140308643,-5.990266800370847e-07
411,-88,10,0.9974272847175598,0.9970805674791337,0.0011703378063007692,0.0003467172384261641
412,-87,10,0.9974272847175598,0.9966115027666091,0.0012285498821922587,0.000815781950950667
413,-86,10,0.9974272847175598,0.996978884935379,0.0010609742969810195,0.00044839978218080834
414,-85,10,0.9974272847175598,0.9972060203552247,0.0009248102111033593,0.00022126436233516067
415,-84,10,0.9974272847175598,0.9971097081899643,0.0012134664632430852,0.00031757652759556443
416,-83,10,0.9974272847175598,0.9969530016183853,0.0006376767297621869,0.0004742830991745217
417,-82,10,0.9974272847175598,0.99742691218853,0.001132018872584328,3.725290298461914e-07
418,-81,10,0.9974272847175598,0.9970980525016785,0.0013163891745992967,0.00032923221588132545
419,-80,10,0.9974272847175598,0.9963220000267029,0.0008074034868159425,0.0011052846908569114
420,-79,10,0.9974272847175598,0.9963839590549469,0.0015204958010679062,0.0010433256626128928
421,-78,10,0.9974272847175598,0.9965566694736481,0.0012682221498193581,0.0008706152439117432
422,-77,10,0.9974272847175598,0.9967552632093429,0.001245169794939806,0.0006720215082168801
423,-76,10,0.9974272847175598,0.996532192826271,0.0013008391660998702,0.0008950918912887795
424,-75,10,0.9974272847175598,0.9970589697360992,0.0007329673149066943,0.0003683149814606157
425,-74,10,0.9974272847175598,0.9974307239055633,0.0011502681984698782,-3.43918800349563e-06
426,-73,10,0.9974272847175598,0.9975574880838394,0.0009109700991940038,-0.00013020336627955764
427,-72,10,0.9974272847175598,0.996369019150734,0.0013836480105584633,0.0010582655668258667
428,-71,10,0.9974272847175598,0.9973447263240814,0.0012132230564951855,8.255839347837135e-05
429,-70,10,0.9974272847175598,0.9969890862703323,0.0009888155197075752,0.00043819844722747803
430,-69,10,0.9974272847175598,0.996785894036293,0.0013119611015093044,0.0006413906812667847
431,-68,10,0.9974272847175598,0.9970659136772155,0.0012138285653396266,0.0003613710403442827
432,-67,10,0.9974272847175598,0.996838241815567,0.0017634363170462516,0.0005890429019927979
433,-66,10,0.9974272847175598,0.9962415844202042,0.0012695277865659921,0.0011857002973556519
434,-65,10,0.9974272847175598,0.9974069833755493,0.0007756629360271954,2.0301342010475842e-05
435,-64,10,0.9974272847175598,0.9969646662473679,0.0010054664053156337,0.00046261847019191116
436,-63,10,0.9974272847175598,0.9966803014278411,0.0011329390483609577,0.0007469832897186723
437,-62,10,0.9974272847175598,0.9967412143945694,0.0013562669624469436,0.0006860703229903953
438,-61,10,0.9974272847175598,0.9968261510133744,0.0012787110155522965,0.0006011337041854636
439,-60,10,0.9974272847175598,0.9967887163162231,0.001233761866038923,0.0006385684013366921
440,-59,10,0.9974272847175598,0.9968449354171753,0.0012242213752163367,0.0005823493003844771
441,-58,10,0.9974272847175598,0.9972628980875016,0.0011880816010820577,0.00016438663005824417
442,-57,10,0.9974272847175598,0.9968896329402923,0.0013975976121665583,0.0005376517772675005
443,-56,10,0.9974272847175598,0.9973976910114288,0.000835623332226049,2.9593706130981445e-05
444,-55,10,0.9974272847175598,0.9966828256845475,0.001334770409993219,0.0007444590330123457
445,-54,10,0.9974272847175598,0.9967603534460068,0.0010601448918071037,0.0006669312715530396
446,-53,10,0.9974272847175598,0.9966978162527085,0.00117082356627071,0.000729468464851335
447,-52,10,0.9974272847175598,0.9966164022684098,0.0017190517636142975,0.0008108824491500632
448,-51,10,0.9974272847175598,0.997671377658844,0.0006168482210085267,-0.00024409294128413528
449,-50,10,0.9974272847175598,0.9970674157142639,0.000889149367215143,0.00035986900329587623
450,-49,10,0.9974272847175598,0.9963974416255951,0.001508777697166043,0.0010298430919647439
451,-48,10,0.9974272847175598,0.9970709979534149,0.0008899476406363635,0.00035628676414489746
452,-47,10,0.9974272847175598,0.9972543954849243,0.000977626896829984,0.00017288923263547584
453,-46,10,0.9974272847175598,0.9968105792999268,0.0012341636432985639,0.0006167054176330344
454,-45,10,0.9974272847175598,0.9974627882242203,0.0010940417166381564,-3.550350666048363e-05
455,-44,10,0.9974272847175598,0.9962631225585937,0.0012500617870270941,0.0011641621589660867
456,-43,10,0.9974272847175598,0.9975040525197982,0.0007339658771701788,-7.676780223841995e-05
457,-42,10,0.9974272847175598,0.9965182989835739,0.0011329635118338159,0.0009089857339859009
458,-41,10,0.9974272847175598,0.9974557489156723,0.0006665226934701741,-2.8464198112532202e-05
459,-40,10,0.9974272847175598,0.997061887383461,0.0011291390018886758,0.0003653973340987937
460,-39,10,0.9974272847175598,0.9971934050321579,0.0009262878382478093,0.0002338796854018943
461,-38,10,0.9974272847175598,0.9964358896017075,0.0010507067105828493,0.0009913951158523338
462,-37,10,0.9974272847175598,0.9957139760255813,0.00216338486732919,0.001713308691978499
463,-36,10,0.9974272847175598,0.9961137652397156,0.0015177089702445737,0.0013135194778441939
464,-35,10,0.9974272847175598,0.9968952924013138,0.0009374304382752322,0.0005319923162460105
465,-34,10,0.9974272847175598,0.9968394964933396,0.00088674961028479,0.0005877882242202315
466,-33,10,0.9974272847175598,0.997059753537178,0.0011426801844178207,0.0003675311803817971
467,-32,10,0.9974272847175598,0.9973145335912704,0.0009766067234104712,0.00011275112628938988
468,-31,10,0.9974272847175598,0.9969064891338348,0.0013967345878726119,0.0005207955837249756
469,-30,10,0.9974272847175598,0.9964468777179718,0.001056823667498245,0.0009804069995880127
470,-29,10,0.9974272847175598,0.9968741774559021,0.0011897506095212846,0.0005531072616576926
471,-28,10,0.9974272847175598,0.9977042526006699,0.000711551995069708,-0.0002769678831100464
472,-27,10,0.9974272847175598,0.9967686325311661,0.00121996425610653,0.0006586521863937156
473,-26,10,0.9974272847175598,0.9968670547008515,0.0010228067347625377,0.0005602300167083518
474,-25,10,0.9974272847175598,0.9972743779420853,0.001085390198821811,0.00015290677547452614
475,-24,10,0.9974272847175598,0.9970743983983994,0.0012865938178716152,0.000352886319160417
476,-23,10,0.9974272847175598,0.9967340499162674,0.001230444428574771,0.0006932348012924638
477,-22,10,0.9974272847175598,0.996447029709816,0.0013394563369357412,0.000980255007743791
478,-21,10,0.9974272847175598,0.9969720095396042,0.0007119760773952979,0.00045527517795562744
479,-20,10,0.9974272847175598,0.9968463689088821,0.0013286277385350543,0.0005809158086776955
480,-19,10,0.9974272847175598,0.9972542434930801,0.0010632496714201769,0.0001730412244796975
481,-18,10,0.9974272847175598,0.9965237706899643,0.0022124686905226963,0.0009035140275954756
482,-17,10,0.9974272847175598,0.9969854056835175,0.0007923771011143025,0.0004418790340423584
483,-16,10,0.9974272847175598,0.9968996495008469,0.0010345177812611896,0.0005276352167129517
484,-15,10,0.9974272847175598,0.9968874275684356,0.0011674108978667662,0.0005398571491241899
485,-14,10,0.9974272847175598,0.9972942471504211,0.0007409671290287437,0.00013303756713867188
486,-13,10,0.9974272847175598,0.9968088001012803,0.0014159503151349815,0.0006184846162795576
487,-12,10,0.9974272847175598,0.9972240090370178,0.0010713409624168936,0.0002032756805420144
488,-11,10,0.9974272847175598,0.9959392100572586,0.0013290993907961169,0.0014880746603012085
489,-10,10,0.9974272847175598,0.996722275018692,0.0011381261183286394,0.0007050096988677756
490,-9,10,0.9974272847175598,0.9964001059532166,0.0012428685390239616,0.0010271787643432173
491,-8,10,0.9974272847175598,0.9967687249183654,0.0010570746897294733,0.0006585597991943803
492,-7,10,0.9974272847175598,0.9964165210723877,0.0014020320062876617,0.0010107636451721635
493,-6,10,0.9974272847175598,0.996979370713234,0.0008520263244788971,0.0004479140043258667
494,-5,10,0.9974272847175598,0.9974754184484482,0.0009963991536334636,-4.813373088841111e-05
495,-4,10,0.9974272847175598,0.9971392214298248,0.0009508267215765011,0.00028806328773500756
496,-3,10,0.9974272847175598,0.9960555315017701,0.0011313314971551928,0.0013717532157897505
497,-2,10,0.9974272847175598,0.9973069041967392,0.000894585627706562,0.00012038052082063988
498,-1,10,0.9974272847175598,0.9968903958797455,0.0014114568676367525,0.0005368888378143311
499,0,10,0.9974272847175598,0.9958657890558242,0.002073376701028428,0.001561495661735579
500,1,10,0.9974272847175598,0.9966371923685073,0.0014688400106197424,0.0007900923490524736
501,2,10,0.9974272847175598,0.9964571267366409,0.0009616674532086149,0.0009701579809189287
502,3,10,0.9974272847175598,0.9973774224519729,0.0006213971466435207,4.9862265586897436e-05
503,4,10,0.9974272847175598,0.9965810954570771,0.0011861017920649928,0.0008461892604827437
504,5,10,0.9974272847175598,0.9973785877227783,0.0008084554741861887,4.869699478149414e-05
505,6,10,0.9974272847175598,0.9966607511043548,0.0011514971646468506,0.0007665336132050005
506,7,10,0.9974272847175598,0.9958332777023315,0.0014619046229046916,0.0015940070152282715
507,8,10,0.9974272847175598,0.9974022507667542,0.0010144254132976838,2.5033950805664062e-05
508,9,10,0.9974272847175598,0.9968227118253707,0.0016040995347645552,0.0006045728921890703
509,10,10,0.9974272847175598,0.9967551290988922,0.0008857407676985276,0.0006721556186676247
510,11,10,0.9974272847175598,0.9963819473981858,0.0011197550060494002,0.0010453373193740623
511,12,10,0.9974272847175598,0.996567216515541,0.001505836129441992,0.0008600682020187822
512,13,10,0.9974272847175598,0.9971531808376313,0.0010600378063628016,0.00027410387992854446
513,14,10,0.9974272847175598,0.9974740236997605,0.0006524479188804354,-4.673898220064476e-05
514,15,10,0.9974272847175598,0.9975407421588898,0.0007550206559253285,-0.00011345744132995605
515,16,10,0.9974272847175598,0.9970632284879685,0.001058518413037377,0.0003640562295913474
516,17,10,0.9974272847175598,0.9971596390008927,0.0008988793133979528,0.0002676457166671531
517,18,10,0.9974272847175598,0.9962624311447144,0.0021608481105498583,0.001164853572845459
518,19,10,0.9974272847175598,0.9962384134531022,0.0013811271622440615,0.0011888712644576582
519,20,10,0.9974272847175598,0.9965954691171646,0.0013190125068805298,0.000831815600395247
520,21,10,0.9974272847175598,0.9967482089996338,0.0013496009804228957,0.0006790757179260254
521,22,10,0.9974272847175598,0.9966818392276764,0.0017438602021268115,0.0007454454898834229
522,23,10,0.9974272847175598,0.9966464459896087,0.0012473716798986733,0.0007808387279510942
523,24,10,0.9974272847175598,0.99561647772789,0.0019891711239187174,0.0018108069896698442
524,25,10,0.9974272847175598,0.9965784907341003,0.0014813803308705755,0.0008487939834594949
525,26,10,0.9974272847175598,0.9971454590559006,0.0011122235134919556,0.0002818256616592407
526,27,10,0.9974272847175598,0.997305691242218,0.0008584860581155114,0.00012159347534179688
527,28,10,0.9974272847175598,0.9970734775066376,0.0007381450704672599,0.0003538072109222634
528,29,10,0.9974272847175598,0.9955868661403656,0.0016646591038591018,0.0018404185771941917
529,30,10,0.9974272847175598,0.9972665548324585,0.0007958521871306393,0.00016072988510129615
530,31,10,0.9974272847175598,0.9967098146677017,0.0017492567226082027,0.0007174700498581155
531,32,10,0.9974272847175598,0.9965346485376358,0.0016628817651823703,0.0008926361799239668
532,33,10,0.9974272847175598,0.9970008879899979,0.0015167550267104557,0.0004263967275619507
533,34,10,0.9974272847175598,0.9971778243780136,0.001027126332845056,0.0002494603395462036
534,35,10,0.9974272847175598,0.9967764019966125,0.0010552824998088057,0.0006508827209472656
535,36,10,0.9974272847175598,0.9969652891159058,0.0009679539507488975,0.00046199560165405273
536,37,10,0.9974272847175598,0.9968909531831741,0.001036645890547651,0.0005363315343857034
537,38,10,0.9974272847175598,0.9960062146186829,0.0016853400652659563,0.001421070098876931
538,39,10,0.9974272847175598,0.9962692618370056,0.0012157385518805194,0.0011580228805542214
539,40,10,0.9974272847175598,0.9976183980703354,0.0008706274636198089,-0.00019111335277555153
540,41,10,0.9974272847175598,0.9969710022211075,0.0008324302042798029,0.00045628249645235375
541,42,10,0.9974272847175598,0.9977513819932937,0.0010136982620822521,-0.00032409727573390334
542,43,10,0.9974272847175598,0.9971711069345475,0.001256892027872341,0.00025617778301234573
543,44,10,0.9974272847175598,0.997042429447174,0.001158106161892328,0.0003848552703857866
544,45,10,0.9974272847175598,0.9963405579328537,0.001504882655032834,0.0010867267847061157
545,46,10,0.9974272847175598,0.9968183159828186,0.0009831189815819122,0.0006089687347412553
546,47,10,0.9974272847175598,0.9972627967596054,0.0010066194285156306,0.00016448795795442894
547,48,10,0.9974272847175598,0.9978662371635437,0.0006460594143664858,-0.0004389524459839089
548,49,10,0.9974272847175598,0.9976489931344986,0.000678341464552623,-0.00022170841693880394
549,50,10,0.9974272847175598,0.9966028571128845,0.001172681534446297,0.0008244276046752708
550,51,10,0.9974272847175598,0.9965456634759903,0.0012168683241786259,0.0008816212415695412
551,52,10,0.9974272847175598,0.9966974139213562,0.0012384179843368214,0.0007298707962035689
552,53,10,0.9974272847175598,0.9956972181797028,0.0016549033289377112,0.0017300665378570113
553,54,10,0.9974272847175598,0.9967382967472076,0.0016863150921637704,0.0006889879703522173
554,55,10,0.9974272847175598,0.9965024888515472,0.0009254121852270404,0.0009247958660125732
555,56,10,0.9974272847175598,0.9969369083642959,0.0009776060285999453,0.0004903763532638772
556,57,10,0.9974272847175598,0.9970924943685532,0.0011135509066306742,0.00033479034900663063
557,58,10,0.9974272847175598,0.9970407515764237,0.0012503819699679801,0.000386533141136125
558,59,10,0.9974272847175598,0.9974558860063553,0.0008433678508726717,-2.8601288795448987e-05
559,60,10,0.9974272847175598,0.9969339609146118,0.0008271505304873273,0.0004933238029479758
560,61,10,0.9974272847175598,0.9970532119274139,0.0009216107409495091,0.00037407279014589623
561,62,10,0.9974272847175598,0.9959688544273376,0.0012900210245896503,0.0014584302902221902
562,63,10,0.9974272847175598,0.9967575758695603,0.0011324000950550385,0.0006697088479995505
563,64,10,0.9974272847175598,0.9971487522125244,0.0009552269424554133,0.0002785325050354004
564,65,10,0.9974272847175598,0.9971591830253601,0.0007834640263677576,0.00026810169219970703
565,66,10,0.9974272847175598,0.9976081997156143,0.0006249932475619347,-0.0001809149980545044
566,67,10,0.9974272847175598,0.9967764139175415,0.00117946493302281,0.000650870800018355
567,68,10,0.9974272847175598,0.9979839056730271,0.0005765995105911518,-0.0005566209554672685
568,69,10,0.9974272847175598,0.9975982934236527,0.0007771157975671772,-0.00017100870609287888
569,70,10,0.9974272847175598,0.9974577128887177,0.0007647840936562642,-3.0428171157836914e-05
570,71,10,0.9974272847175598,0.9969788789749146,0.001089142848941482,0.00044840574264526367
571,72,10,0.9974272847175598,0.9962945371866226,0.0013795745714647383,0.0011327475309371726
572,73,10,0.9974272847175598,0.9972600162029266,0.0010998324905061745,0.00016726851463322312
573,74,10,0.9974272847175598,0.9968658477067948,0.001001149613411435,0.0005614370107650535
574,75,10,0.9974272847175598,0.9975272744894028,0.0009632806003873965,-9.998977184300095e-05
575,76,10,0.9974272847175598,0.9968237280845642,0.0012654687125425357,0.0006035566329956055
576,77,10,0.9974272847175598,0.9968987494707108,0.0010572085655158802,0.0005285352468490379
577,78,10,0.9974272847175598,0.9974147081375122,0.0006774587861434884,1.2576580047607422e-05
578,79,10,0.9974272847175598,0.9970788538455964,0.0012270524100905713,0.00034843087196345657
579,80,10,0.9974272847175598,0.9967652380466461,0.001038587057008141,0.0006620466709137407
580,81,10,0.9974272847175598,0.9960278779268265,0.001197691827177764,0.0013994067907333596
581,82,10,0.9974272847175598,0.9969017922878265,0.0013091101451513062,0.0005254924297333208
582,83,10,0.9974272847175598,0.9973592102527619,0.000763525496512431,6.807446479795143e-05
583,84,10,0.9974272847175598,0.9978252291679383,0.0006437046537709185,-0.0003979444503784402
584,85,10,0.9974272847175598,0.9969783574342728,0.0009355116384365775,0.00044892728328704834
585,86,10,0.9974272847175598,0.9972845435142517,0.0008657276642917992,0.00014274120330814988
586,87,10,0.9974272847175598,0.996463805437088,0.0012861647511928315,0.0009634792804718018
587,88,10,0.9974272847175598,0.9970685362815856,0.0010501186538252904,0.0003587484359741655
588,89,10,0.9974272847175598,0.9970669448375702,0.0015311580057655917,0.000360339879989624
589,90,10,0.9974272847175598,0.9969729751348495,0.0007934714669488057,0.0004543095827103105
590,91,10,0.9974272847175598,0.9973663598299026,0.0009682857597818737,6.092488765718773e-05
591,92,10,0.9974272847175598,0.9969191163778305,0.001248299293762325,0.0005081683397293313
592,93,10,0.9974272847175598,0.996577987074852,0.0015820295824811197,0.0008492976427078025
593,94,10,0.9974272847175598,0.9967204600572586,0.0011893175570450475,0.0007068246603012529
594,95,10,0.9974272847175598,0.997638949751854,0.0009302470260924244,-0.00021166503429415062
595,96,10,0.9974272847175598,0.9968815445899963,0.0008965425680469,0.0005457401275634766
596,97,10,0.9974272847175598,0.9971281886100769,0.001090807966815222,0.00029909610748291016
597,98,10,0.9974272847175598,0.9972062796354294,0.0009477482329276779,0.00022100508213040992
598,99,10,0.9974272847175598,0.9960392504930496,0.0020574449556847057,0.0013880342245101707
599,100,10,0.9974272847175598,0.9974621623754502,0.0012192649738554566,-3.487765789034203e-05
